label,qname
0,www.googleapis.com.
0,play.googleapis.com.
0,a.root-servers.net.
0,clients4.google.com.
0,elb-pew1proxy-prd-1408942661.eu-west-1.elb.amazonaws.com.
0,upoll.umengcloud.com.
0,api.m.gds.taobao.com.
0,graph.facebook.com.
0,star.c10r.facebook.com.
0,252.0.0.224.in-addr.arpa.
0,mtalk.google.com.
0,mmi260.whatsapp.net.
0,graph.facebook.com.
0,setup.icloud.com.
0,axp.zedo.com.
0,e9566.dscb.akamaiedge.net.
0,wildcard.twimg.com.
0,scontent.fdel1-2.fna.fbcdn.net.
0,external.fdel1-2.fna.fbcdn.net.
0,asia.api.targetingmantra.com.
0,asia.api.targetingmantra.com.
0,e9566.dscb.akamaiedge.net.
0,_ldap._tcp.gc._msdcs.app.thapar.edu.
0,fbcdn-vthumb-a.akamaihd.net.
0,fbcdn-vthumb-a.akamaihd.net.edgesuite.net.
0,google.com.
0,fbcdn-video-o-a.akamaihd.net.
0,fbcdn-video-o-a.akamaihd.net.
0,cp301-prod.do.dsp.mp.microsoft.com.
0,e1503.g.akamaiedge.net.
0,agps.location.live.net.
0,agps.location.live.net.
0,v10.vortex-win.data.microsoft.com.
0,graph.facebook.com.
0,edge-mqtt.facebook.com.
0,external.fdel1-2.fna.fbcdn.net.
0,a591.dspda2.akamai.net.
0,a0.app.xiaomi.com.
0,a0.app.xiaomi.com.
0,_tcp.gc._msdcs.app.thapar.edu.
0,s.amazon-adsystem.com.
0,s.amazon-adsystem.com.
0,dns.msftncsi.com.
0,graph.facebook.com.
0,fbcdn-video-o-a.akamaihd.net.edgesuite.net.
0,a1020.dspda2.akamai.net.
0,setup.icloud.com.akadns.net.
0,nk11-setup.icloud.com.akadns.net.
0,mtalk4.google.com.
0,api.data.os-lb.com.
0,pasta.esfile.duapps.com.
0,gc._msdcs.app.thapar.edu.
0,graph.instagram.com.
0,acroipm.adobe.com.
0,43-courier.push.apple.com.
0,lb-miui-pub18-920435720.ap-southeast-1.elb.amazonaws.com.
0,_msdcs.app.thapar.edu.
0,graph.facebook.com.
0,appsflyer-web-1810875176.eu-west-1.elb.amazonaws.com.
0,www.googleadservices.com.
0,android.clients.google.com.
0,telegraph-ash.instagram.com.
0,mail.google.com.
0,telecommand.telemetry.microsoft.com.
0,e.crashlytics.com.
0,regist.fotoable.net.
0,regist.fotoable.net.
0,susapi.lenovomm.com.
0,mtalk4.google.com.
0,google.com.
0,api.mobula.sdk.duapps.com.
0,api.mobula.sdk.duapps.com.
0,graph.facebook.com.
0,rts.mobula.sdk.duapps.com.
0,mtalk.google.com.
0,z-p1-graph.facebook.com.
0,data.flurry.com.
0,flurry.agentportal.prod.g04.yahoodns.net.
0,pushapi.lenovomm.com.
0,request3.truecaller.com.
0,axp.zedo.com.
0,a2047.dspw42.akamai.net.
0,play.googleapis.com.
0,www.google.com.
0,a104270.secure.miisolutions.net.
0,w6.b.cap-mii.net.
0,safebrowsing.clients.google.com.
0,a104270.secure.miisolutions.net.
0,connectivitycheck.android.com.
0,mesu.g.aaplimg.com.
0,_xmpp-client._tcp.paymentschat.freecharge.in.
0,teredo.ipv6.microsoft.com.
0,googleads.g.doubleclick.net.
0,p38-ckdatabase.icloud.com.
0,graph.instagram.com.
0,instagram-604834045.us-east-1.elb.amazonaws.com.
0,reports.crashlytics.com.
0,www.a.shifen.com.
0,resolver.msg.xiaomi.net.
0,lb-im-07-826586616.ap-southeast-1.elb.amazonaws.com.
0,walter-producer-cdn.api.bbci.co.uk.
0,walter-producer-cdn.api.bbci.co.uk.
0,agps.location.live.net.
0,shopvac.cyngn.com.
0,shopvac.cyngn.com.
0,edge-mqtt.facebook.com.
0,app.thapar.edu.
0,redirector.c.youtube.com.
0,redirector.c.youtube.com.
0,graph.facebook.com.
0,p38-ckdatabase-current.edge.icloud.apple-dns.net.
0,cds.apple.com.
0,cds.apple.com.
0,iphonesubmissions.apple.com.
0,a1342.b.akamai.net.
0,a1342.b.akamai.net.
0,graph.facebook.com.
0,fotorus.fotoable.com.
0,fotorus.fotoable.com.
0,go.trouter.io.
0,root.skype-edf.akadns.net.
0,reurl.fotoable.net.
0,waws-prod-bay-031.cloudapp.net.
0,reurl.fotoable.net.
0,ew1.reg.bigdata.ssp.samsung.com.
0,acroipm.adobe.com.
0,world-gen.g.aaplimg.com.
0,apiv2.moengage.com.
0,dns0.easydns.com.
0,connectivitycheck.gstatic.com.
0,agps.location.services.windowsphone.com.
0,agps.location.livenet.akadns.net.
0,orcad29365c7de9a42a0956a8c865f0fe9f5.cloudapp.net.
0,graph.facebook.com.
0,ssl.gstatic.com.
0,docs.google.com.
0,fservers.cloudapp.net.
0,websitesg.cloudapp.net.
0,telecommand.telemetry.microsoft.com.
0,go.trouter.io.
0,co4.telecommand.telemetry.microsoft.com.akadns.net.
0,seed.siri.apple.com.
0,api.smoot.apple.com.
0,p21-keyvalueservice.icloud.com.
0,p21-keyvalueservice.icloud.com.
0,www.apple.com.
0,e6858.dscc.akamaiedge.net.
0,apple-mobile.query.yahooapis.com.
0,cl2.apple.com.
0,e2842.e9.akamaiedge.net.
0,ig-telegraph.t.tfbnw.net.
0,gspe35-ssl.ls.apple.com.
0,e6987.e9.akamaiedge.net.
0,init.itunes.apple.com.
0,init-p01st.push.apple.com.
0,captive.apple.com.edgekey.net.
0,a789.g1.akamai.net.
0,tr001.skype-edf.akadns.net.
0,cdn.ads.fotoable.net.
0,a719.g1.akamai.net.
0,a104270.secure.miisolutions.net.
0,p21-contacts.icloud.com.
0,p21-contacts-current.edge.icloud.apple-dns.net.
0,p21-bookmarks.icloud.com.
0,p21-bookmarks-current.edge.icloud.apple-dns.net.
0,sus-ext-737489210.ap-southeast-1.elb.amazonaws.com.
0,e19.e12.akamaiedge.net.
0,s3.amazonaws.com.
0,s3-1.amazonaws.com.
0,clients3.google.com.
0,a1961.g2.akamai.net.
0,45-courier.push.apple.com.
0,45.courier-push-apple.com.akadns.net.
0,p21-keyvalueservice-current.edge.icloud.apple-dns.net.
0,www.apple.com.
0,cdn.castplatform.com.
0,cdn.castplatform.com.
0,in.apprevolve.com.
0,ssdk.adkmob.com.
0,in.apprevolve.com.
0,business-1539604941.eu-west-1.elb.amazonaws.com.
0,app02.nodes.gslb.mi-idc.com.
0,fbstatic-a.akamaihd.net.
0,e7279.dsce9.akamaiedge.net.
0,www.googleadservices.com.
0,www-googletagmanager.l.google.com.
0,android.clients.google.com.
0,download.cdn.mozilla.net.
0,download.cdn.mozilla.net.
0,connectivitycheck.gstatic.com.
0,r13---sn-qxa7en7l.c.youtube.com.
0,r13---sn-qxa7en7l.c.youtube.com.
0,e6.whatsapp.net.
0,graph.facebook.com.
0,e11.whatsapp.net.
0,graph.facebook.com.
0,upoll.umengcloud.com.
0,www.msftncsi.com.
0,identity.ess.apple.com.
0,identity.ess-apple.com.akadns.net.
0,in.apprevolve.com.
0,2-01-2967-001b.cdx.cedexis.net.
0,a1284.g.akamai.net.
0,elb-p-dms-dls-uw1-737189181.us-west-1.elb.amazonaws.com.
0,a1284.g.akamai.net.
0,a1284.g.akamai.net.
0,a1284.g.akamai.net.
0,r13.sn-qxa7en7l.c.youtube.com.
0,keyvalueservice.icloud.com.
0,keyvalueservice.icloud.com.akadns.net.
0,time.microsoft.akadns.net.
0,graph.facebook.com.
0,neu-st-clk.cloudapp.net.
0,graph.instagram.com.
0,android.clients.google.com.
0,mmi458.whatsapp.net.
0,www.google.com.
0,graph.facebook.com.
0,api.facebook.com.
0,e673.e9.akamaiedge.net.
0,clients5.google.com.
0,adash.m.taobao.com.
0,cast-prod-dlv-pull.ironsrc.netdna-cdn.com.
0,origin.guzzoni-apple.com.akadns.net.
0,clients3.google.com.
0,e8239.a.akamaiedge.net.
0,e673.e9.akamaiedge.net.
0,licensing.md.mp.microsoft.com.akadns.net.
0,scontent.fdel1-2.fna.fbcdn.net.
0,tele.trafficmanager.net.
0,tele.trafficmanager.net.
0,accounts.google.com.
0,api.sec.miui.com.
0,edge-mqtt.facebook.com.
0,stickers.im.hike.in.
0,stickers.im.hike.in.
0,e9.whatsapp.net.
0,z-p1-graph.facebook.com.
0,settings-win.data.microsoft.com.
0,api.twitter.com.
0,p44-keyvalueservice-current.edge.icloud.apple-dns.net.
0,p44-contacts-current.edge.icloud.apple-dns.net.
0,tele.trafficmanager.net.
0,www.msftncsi.com.
0,kb.dotcime.com.
0,cf.ushareit.com.
0,pingma.qq.com.
0,mtalk4.google.com.
0,iup.360safe.com.
0,iup.360safe.com.
0,mtalk.google.com.
0,android.clients.google.com.
0,edge-mqtt.facebook.com.
0,cmdts.ksmobile.com.
0,updatekeepalive.mcafee.com.
0,redirector.c.youtube.com.
0,iup.360safe.com.
0,mqtt.im.hike.in.
0,e1.whatsapp.net.
0,e1.whatsapp.net.
0,e673.e9.akamaiedge.net.
0,graph.facebook.com.
0,cfg.cml.ksmobile.com.
0,graph.facebook.com.
0,video.fdel1-2.fna.fbcdn.net.
0,video.fdel1-2.fna.fbcdn.net.
0,tele.trafficmanager.net.
0,guzzoni.apple.com.
0,17-courier.push.apple.com.
0,guzzoni.apple.com.
0,17.courier-push-apple.com.akadns.net.
0,www.google.com.
0,ssl-google-analytics.l.google.com.
0,e6858.dscc.akamaiedge.net.
0,origin.guzzoni-apple.com.akadns.net.
0,ads.flurry.com.
0,ads.flurry.com.
0,telecommand3.cloudapp.net.
0,www.googleadservices.com.thapar.edu.
0,www.googleadservices.com.thapar.edu.
0,graph.facebook.com.
0,www.apple.com.
0,3-courier.push.apple.com.
0,3-courier.push.apple.com.
0,apple-mobile.query.yahooapis.com.
0,api.smoot.apple.com.
0,162.136.111.193.in-addr.arpa.
0,inst.platform.bing.com.
0,255.111.31.172.in-addr.arpa.
0,255.111.31.172.in-addr.arpa.
0,255.111.31.172.in-addr.arpa.
0,asia-courier.push-apple.com.akadns.net.
0,sg01p01sa.guzzoni-apple.com.akadns.net.
0,cmwww-https-net-1244732952.us-west-1.elb.amazonaws.com.
0,www.msftncsi.com.
0,mtalk4.google.com.
0,r8---sn-gxap5ojx-qxae.c.youtube.com.
0,iup.360safe.com.
0,3.courier-push-apple.com.akadns.net.
0,r16---sn-vgqsen7z.googlevideo.com.
0,init-p01st.push.apple.com.
0,a1441.g4.akamai.net.
0,pipe.prd.skypedata.akadns.net.
0,quasardebugcs.cloudapp.net.
0,reports.crashlytics.com.
0,cdn2.inner-active.mobi.
0,browserchannel-docs.l.google.com.
0,browserchannel-docs.l.google.com.
0,images1.truecaller.com.
0,s3-eu-west-1.amazonaws.com.
0,e1722.x.akamaiedge.net.
0,graph.instagram.com.
0,r16.sn-vgqsen7z.googlevideo.com.
0,weatherquery-nt-1625400080.us-west-2.elb.amazonaws.com.
0,xtrapath1.izatcloud.net.
0,us.find.api.micloud.xiaomi.net.
0,lb-28-392278233.us-west-2.elb.amazonaws.com.
0,log.snapdeal.com.
0,mobapi-datalogger-1603149841.ap-southeast-1.elb.amazonaws.com.
0,graph.facebook.com.
0,us.find.api.micloud.xiaomi.net.
0,media-apps.cc.
0,mtalk4.google.com.
0,guzzoni.apple.com.
0,api.smoot.apple.com.
0,init-p01st.push.apple.com.
0,www.apple.com.
0,p33-keyvalueservice.icloud.com.
0,p33-keyvalueservice.icloud.com.
0,quasardebugcs.cloudapp.net.
0,stats.everything.me.
0,time-ios.apple.com.
0,mtalk4.google.com.
0,stats.everything.me.
0,mim2.zapr.in.
0,mim2.zapr.in.
0,wv.inner-active.mobi.
0,255.111.31.172.in-addr.arpa.
0,e5153.a.akamaiedge.net.
0,e5153.a.akamaiedge.net.
0,cdn.api.fotoable.net.
0,cdn.api.fotoable.net.
0,a719.g1.akamai.net.
0,api.fotoable.com.
0,api.fotoable.com.
0,sdup.update.360safe.com.
0,sdup.update.360safe.com.
0,configuration.apple.com.
0,www.google.com.
0,guzzoni.apple.com.
0,ssl.google-analytics.com.
0,www.apple.com.
0,ads.flurry.com.
0,e10.whatsapp.net.
0,edge-mqtt.facebook.com.
0,e10.whatsapp.net.
0,sdup.update.360safe.com.
0,3-courier.push.apple.com.
0,time-ios.g.aaplimg.com.
0,graph.facebook.com.
0,43-courier.push.apple.com.
0,lcdn-locator.apple.com.
0,api.smoot.apple.com.
0,guzzoni.apple.com.
0,2-courier.push.apple.com.
0,2.courier-push-apple.com.akadns.net.
0,www.apple.com.
0,www.microsoft.com.
0,e10088.dspb.akamaiedge.net.
0,mtalk.google.com.
0,dns.msftncsi.com.
0,dns.msftncsi.com.
0,ssl.google-analytics.com.
0,p21-sharedstreams.icloud.com.
0,p21-sharedstreams-current.edge.icloud.apple-dns.net.
0,md-a-s.apptimize.com.
0,md-a-s.apptimize.com.
0,3.0.0.0.1.0.0.0.0.0.0.0.0.0.0.0.0.0.0.0.0.0.0.0.0.0.0.0.2.0.f.f.ip6.arpa.
0,ccc.sys.miui.com.
0,weatherlive.info.
0,weatherlive.info.
0,p33-keyvalueservice.icloud.com.
0,cf-1596698130.cn-north-1.elb.amazonaws.com.cn.
0,ieeexplore.ieee.org.
0,ieeexplore.ieee.org.
0,ieee-ies.org.
0,ieee-ies.org.
0,googleads.g.doubleclick.net.
0,2-courier.push.apple.com.
0,infoc-cms-recv-2115633265.us-east-1.elb.amazonaws.com.
0,android.clients.google.com.
0,e5153.a.akamaiedge.net.
0,graph.facebook.com.
0,configuration.apple.com.
0,p33-keyvalueservice-current.edge.icloud.apple-dns.net.
0,b-api.facebook.com.
0,sdup.update.360safe.com.
0,safebrowsing.cache.l.google.com.
0,2-courier.push.apple.com.
0,fadsg.cloudapp.net.
0,ieee-ies.org.
0,ieeexplore.ieee.org.
0,graph.facebook.com.
0,e9413.g.akamaiedge.net.
0,cfg.wedo1.com.
0,wildcard.inner-active.mobi.edgekey.net.
0,e7178.g.akamaiedge.net.
0,exchange-lb-1822662812.us-east-1.elb.amazonaws.com.
0,a413.w7.akamai.net.
0,a413.w7.akamai.net.
0,a104270.secure.miisolutions.net.
0,matchcentre.starsports.com.
0,a1739.x.akamai.net.
0,ads.mopub.com.
0,p21-sharedstreams.icloud.com.
0,252.0.0.224.in-addr.arpa.
0,clients4.google.com.
0,d145enxyh9g9og.cloudfront.net.
0,mobile.pipe.aria.microsoft.com.
0,d1k0ceva12k2i6.cloudfront.net.
0,e.apsalar.com.
0,pagead2.googlesyndication.com.
0,snt405-m.hotmail.com.
0,snt405-m.hotmail.com.
0,talk8100an.kik.com.
0,talk8100an.kik.com.
0,asia.api.targetingmantra.com.
0,asia.api.targetingmantra.com.
0,st.dotcime.com.
0,st.dotcime.com.
0,edge-mqtt.facebook.com.
0,a104270.secure.miisolutions.net.
0,255.111.31.172.in-addr.arpa.
0,mobile.pipe.aria.microsoft.com.
0,prd.col.aria.mobile.skypedata.akadns.net.
0,white.ish.instagram.com.
0,mobile.pipe.aria.microsoft.com.
0,prd.col.aria.mobile.skypedata.akadns.net.
0,mobile.pipe.aria.microsoft.com.
0,mobile.pipe.aria.microsoft.com.
0,prd.col.aria.mobile.skypedata.akadns.net.
0,upoll.umengcloud.com.
0,cm.ushareit.com.
0,www.googletagmanager.com.
0,snt405-m.hotmail.com.
0,lb-miui-03-1923556856.ap-southeast-1.elb.amazonaws.com.
0,d6fe3ytx9t4li.cloudfront.net.
0,ieee-ies.org.
0,ieee-ies.org.
0,ieee-ies.org.
0,android.clients.google.com.
0,pclog.ucdns.uc.cn.
0,cm-1683101284.cn-north-1.elb.amazonaws.com.cn.
0,ieeexplore.ieee.org.
0,s3-1.amazonaws.com.
0,app.chat.xiaomi.net.
0,d17d9prv6ndfg0.cloudfront.net.
0,edge-mqtt.facebook.com.
0,graph.facebook.com.
0,edge-mqtt.facebook.com.
0,play.google.com.
0,play.l.google.com.
0,ieee-ies.org.
0,15-trouter-cus-a.drip.trouter.io.
0,15-trouter-cus-a.drip.trouter.io.
0,upseeasam.biz.
0,3.0.0.0.1.0.0.0.0.0.0.0.0.0.0.0.0.0.0.0.0.0.0.0.0.0.0.0.2.0.f.f.ip6.arpa.
0,video.fdel1-2.fna.fbcdn.net.
0,p41-keyvalueservice-current.edge.icloud.apple-dns.net.
0,e6858.dscc.akamaiedge.net.
0,lcdn-locator.apple.com.
0,play.l.google.com.
0,165.188.96.100.in-addr.arpa.
0,p34-streams.icloud.com.
0,p34-streams.icloud.com.
0,googleads.g.doubleclick.net.
0,external.fdel1-2.fna.fbcdn.net.
0,scontent.fdel1-2.fna.fbcdn.net.
0,connectivitycheck.gstatic.com.
0,resolver.msg.xiaomi.net.
0,api.ad.xiaomi.com.
0,api.ad.xiaomi.com.
0,mtalk4.google.com.
0,sdkconfig.ad.xiaomi.com.
0,platform.hike.in.
0,android.clients.google.com.
0,p25-content.icloud.com.
0,graph.instagram.com.
0,ieeexplore.ieee.org.
0,ieeexplore.ieee.org.
0,ieeexplore.ieee.org.
0,app01.nodes.gslb.mi-idc.com.
0,app01.nodes.gslb.mi-idc.com.
0,53.88.130.38.in-addr.arpa.
0,log.snapdeal.com.
0,graph.facebook.com.
0,api.accuweather.com.
0,global.uci.blackberry.com.
0,global.uci.blackberry.com.
0,mqtt-z.facebook.com.
0,p23-streams.icloud.com.
0,252.0.0.224.in-addr.arpa.
0,graph.facebook.com.
0,app.chat.xiaomi.net.
0,www.googleadservices.com.thapar.edu.
0,clients4.google.com.
0,edge-mqtt.facebook.com.
0,p34-keyvalueservice.icloud.com.
0,p34-keyvalueservice.icloud.com.
0,maps.googleapis.com.
0,log-api.bobbleapp.me.
0,ieeexplore.ieee.org.
0,a1441.g4.akamai.net.
0,p34-streams.icloud.com.
0,graph.facebook.com.
0,9.client-channel.google.com.
0,external.fdel1-2.fna.fbcdn.net.
0,p34-streams-current.edge.icloud.apple-dns.net.
0,e6203.b.akamaiedge.net.
0,aia.entrust.net.
0,a57.d.akamai.net.
0,mqtt.im.hike.in.
0,android.clients.google.com.
0,batsavcdn.ksmobile.net.
0,batsavcdn.ksmobile.net.
0,pip.15.trouter-cus-a.cloudapp.net.
0,p25-content-current.edge.icloud.apple-dns.net.
0,nimbus-1526557132.eu-central-1.elb.amazonaws.com.
0,weather.ksmobile.net.
0,zonedirector.
0,zonedirector.
0,zonedirector.
0,zonedirector.
0,15-trouter-cus-a.drip.trouter.io.
0,pip.15.trouter-cus-a.cloudapp.net.
0,p34-keyvalueservice.icloud.com.
0,captive.apple.com.
0,ieeexplore.ieee.org.
0,p23-streams-current.edge.icloud.apple-dns.net.
0,graph.instagram.com.
0,webres1.qheal.ctmail.com.
0,31-courier.push.apple.com.
0,31.courier-push-apple.com.akadns.net.
0,googleads.g.doubleclick.net.
0,yavuoawam.mobi.
0,yavuoawam.mobi.
0,lb-miui-05-1342861532.ap-southeast-1.elb.amazonaws.com.
0,graph.instagram.com.
0,mobile.pipe.aria.microsoft.com.
0,prd.col.aria.mobile.skypedata.akadns.net.
0,api.fehlerseite.com.
0,api.fehlerseite.com.
0,d1gjlxt8vb0knt.cloudfront.net.
0,d1gjlxt8vb0knt.cloudfront.net.
0,edge-mqtt.facebook.com.
0,53.88.130.38.in-addr.arpa.
0,p34-keyvalueservice-current.edge.icloud.apple-dns.net.
0,www.yahoo.com.
0,www.yahoo.com.
0,yavuoawam.mobi.
0,347-trouter-weu-c.drip.trouter.io.
0,347-trouter-weu-c.drip.trouter.io.
0,updatekeepalive.mcafee.com.
0,mobile.pipe.aria.microsoft.com.
0,prd.col.aria.mobile.skypedata.akadns.net.
0,mobile.pipe.aria.microsoft.com.
0,updatekeepalive.mcafee.com.
0,settings.crashlytics.com.
0,secure-twangmusic-in-1764411356.ap-southeast-1.elb.amazonaws.com.
0,appinfocdn.ksmobile.net.
0,appinfocdn.ksmobile.net.
0,pip.347.trouter-weu-c.cloudapp.net.
0,pipe.prd.skypedata.akadns.net.
0,fbcdn-sphotos-b-a.akamaihd.net.
0,fbcdn-sphotos-b-a.akamaihd.net.
0,fd-fp3.wg1.b.yahoo.com.
0,availability5-ap-southeast-1.truecaller.com.
0,d2skqq22dwg7x.cloudfront.net.
0,mobile.pipe.aria.microsoft.com.
0,mobile.pipe.aria.microsoft.com.
0,p34-content.icloud.com.
0,p34-content.icloud.com.
0,e10.whatsapp.net.
0,ssl.google-analytics.com.
0,edge-mqtt.facebook.com.
0,mobile.pipe.aria.microsoft.com.
0,mobile.pipe.aria.microsoft.com.
0,graph.instagram.com.
0,p34-content-current.edge.icloud.apple-dns.net.
0,account.xiaomi.com.
0,lb-ac-01-483135197.ap-southeast-1.elb.amazonaws.com.
0,cdn.video.playwire.com.
0,guzzoni.apple.com.
0,apple-mobile.query.yahooapis.com.
0,19-courier.push.apple.com.
0,19.courier-push-apple.com.akadns.net.
0,www.apple.com.
0,api.smoot.apple.com.
0,graph.facebook.com.
0,api.facebook.com.
0,p23-content.icloud.com.
0,api.mobula.sdk.duapps.com.
0,developer.myntra.com.
0,developer.myntra.com.
0,developer.myntra.com.
0,mmi289.whatsapp.net.
0,android.clients.google.com.
0,guzzoni.apple.com.
0,zonedirector.
0,zonedirector.
0,zonedirector.
0,zonedirector.
0,easytomessage.com.
0,easytomessage.com.
0,www.apple.com.
0,origin.guzzoni-apple.com.akadns.net.
0,www.geeksforgeeks.org.
0,www.geeksforgeeks.org.
0,e6858.dscc.akamaiedge.net.
0,sdkconfig.ad.xiaomi.com.
0,sdkconfig.ad.xiaomi.com.
0,tracking.miui.com.
0,updatekeepalive.mcafee.com.
0,front15.omegle.com.
0,front15.omegle.com.
0,2.android.pool.ntp.org.
0,ocsp.verisign.com.
0,googleads.g.doubleclick.net.
0,edge-mqtt.facebook.com.
0,sdkconfig.ad.xiaomi.com.
0,events-endpoint-d-1130254936.us-east-1.elb.amazonaws.com.
0,www.geeksforgeeks.org.
0,quasardebugcs.cloudapp.net.
0,a1402.dspw40.akamai.net.
0,r2---sn-qxa7en7s.googlevideo.com.
0,sdkm.w.inmobi.com.
0,sdkm.w.inmobi.com.
0,www.google.com.
0,clients3.google.com.
0,ssl.google-analytics.com.
0,p23-content-current.edge.icloud.apple-dns.net.
0,r2.sn-qxa7en7s.googlevideo.com.
0,batchlogging4.truecaller.com.
0,graph.facebook.com.
0,settings.crashlytics.com.
0,settings.crashlytics.com.
0,edge-mqtt.facebook.com.
0,ocsp-ds.ws.symantec.com.edgekey.net.
0,e8218.dscb1.akamaiedge.net.
0,quasardebugcs.cloudapp.net.
0,e10379.b.akamaiedge.net.
0,android.clients.google.com.
0,stats.everything.me.
0,stats.everything.me.
0,dualstack.parse-869618475.us-east-1.elb.amazonaws.com.
0,et.w.inmobi.com.
0,us.smsapi.micloud.xiaomi.net.
0,us.smsapi.micloud.xiaomi.net.
0,mvideo.duokanbox.com.
0,mvideo.duokanbox.com.
0,acroipm.adobe.com.
0,img.wynk.in.
0,crl-ds.ws.symantec.com.edgekey.net.
0,r7---sn-cvh7kn7l.googlevideo.com.
0,android.clients.google.com.
0,guzzoni.apple.com.
0,mtalk.google.com.
0,api.smoot.apple.com.
0,www.apple.com.
0,p30-keyvalueservice.icloud.com.
0,p30-keyvalueservice-current.edge.icloud.apple-dns.net.
0,api.weather.com.
0,e7121.g.akamaiedge.net.
0,r7.sn-cvh7kn7l.googlevideo.com.
0,40-courier.push.apple.com.
0,40.courier-push-apple.com.akadns.net.
0,www.geeksforgeeks.org.
0,officeclient.microsoft.com.
0,osiprod-weu-snow-000.cloudapp.net.
0,e6845.dscb1.akamaiedge.net.
0,analytics.query.yahoo.com.
0,e2013.e9.akamaiedge.net.
0,e11290.dspg.akamaiedge.net.
0,graph.facebook.com.
0,agzasaaam.mobi.
0,ehehobub.mobi.
0,edge-mqtt.facebook.com.
0,mqtt-z.facebook.com.
0,e5153.a.akamaiedge.net.
0,api.smoot.apple.com.
0,au.download.windowsupdate.com.
0,au.download.windowsupdate.com.
0,upoll.umengcloud.com.
0,upoll.umengcloud.com.
0,au.download.windowsupdate.com.
0,edge-mqtt.facebook.com.
0,crl.microsoft.com.
0,a1363.dscg.akamai.net.
0,clients4.google.com.
0,oc.umeng.com.
0,oc.umeng.com.
0,photogallery.indiatimes.com.
0,a1513.f1.akamai.net.
0,e.crashlytics.com.
0,d3ij3mk8mfo5u2.cloudfront.net.
0,asia-courier.push-apple.com.akadns.net.
0,geover-prod.do.dsp.mp.microsoft.com.
0,e1706.g.akamaiedge.net.
0,graph.facebook.com.
0,sr.symcd.com.
0,api.picsart.com.
0,api.picsart.com.
0,cmdts.ksmobile.com.
0,cm-infoc-1660724231.us-west-2.elb.amazonaws.com.
0,graph.facebook.com.
0,m.photos.timesofindia.com.
0,m.photos.timesofindia.com.
0,ctldl.windowsupdate.com.
0,a1621.g.akamai.net.
0,clients1.google.com.
0,cse.google.com.
0,www.facebook.com.
0,cse.google.com.
0,www.facebook.com.
0,www.google-analytics.com.
0,www-google-analytics.l.google.com.
0,wns.notify.windows.com.akadns.net.
0,www.google.com.
0,e10414.g.akamaiedge.net.
0,r3---sn-gxap5ojx-qxae.googlevideo.com.
0,edge-mqtt.facebook.com.
0,graph.instagram.com.
0,ticks2.bugsense.com.
0,mesu.apple.com.
0,mesu.g.aaplimg.com.
0,clients3.google.com.
0,graph.facebook.com.
0,behacdn.ksmobile.net.
0,fsr.lenovomm.com.
0,fsr.lenovomm.com.
0,graph.instagram.com.
0,api.parse.com.
0,parse-api-vpc-2122016640.us-east-1.elb.amazonaws.com.
0,au.download.windowsupdate.com.
0,au.download.windowsupdate.com.
0,e1722.x.akamaiedge.net.
0,clients3.google.com.
0,s3-ap-southeast-1-w-a.amazonaws.com.
0,cse.google.com.
0,www.google-analytics.com.
0,2.android.pool.ntp.org.
0,reports.crashlytics.com.
0,walter-producer-cdn.api.bbci.co.uk.
0,e8.whatsapp.net.
0,2.android.pool.ntp.org.
0,guzzoni.apple.com.
0,50-courier.push.apple.com.
0,50.courier-push-apple.com.akadns.net.
0,www.apple.com.
0,groups.l.google.com.
0,ap-sin-00001.s3.amazonaws.com.
0,weatherios-1388595283.us-west-2.elb.amazonaws.com.
0,e8.whatsapp.net.
0,googleads.g.doubleclick.net.
0,webres1.qheal.ctmail.com.
0,api.smoot.apple.com.
0,www.googletagservices.com.
0,windows.policies.live.net.
0,ctldl.windowsupdate.com.
0,p41-ckdatabase.icloud.com.
0,p41-ckdatabase-current.edge.icloud.apple-dns.net.
0,www.timeplusq.com.
0,geeksforgeeks.disqus.com.
0,geeksforgeeks.disqus.com.
0,v10.vortex-win.data.microsoft.com.
0,developer.myntra.com.
0,e10379.b.akamaiedge.net.
0,tools.google.com.
0,3.0.0.0.1.0.0.0.0.0.0.0.0.0.0.0.0.0.0.0.0.0.0.0.0.0.0.0.2.0.f.f.ip6.arpa.
0,b._dns-sd._udp.0.144.31.172.in-addr.arpa.
0,db._dns-sd._udp.0.144.31.172.in-addr.arpa.
0,b._dns-sd._udp.0.144.31.172.in-addr.arpa.
0,db._dns-sd._udp.0.144.31.172.in-addr.arpa.
0,staticxx.facebook.com.
0,staticxx.facebook.com.
0,asia.api.targetingmantra.com.
0,mesu.apple.com.
0,asia-courier.push-apple.com.akadns.net.
0,e7178.g.akamaiedge.net.
0,tpc.googlesyndication.com.
0,ads.flurry.com.
0,app.snapchat.com.
0,l.facebook.com.
0,l.facebook.com.
0,pagead2.googlesyndication.com.
0,pagead2.googlesyndication.com.
0,e7279.dsce9.akamaiedge.net.
0,ws12.gti.mcafee.com.
0,ws12.gti.mcafee.com.
0,ws12.gti.mcafee.com.
0,ws12.gti.mcafee.com.
0,au.download.windowsupdate.com.
0,au.download.windowsupdate.com.
0,ent-shasta-rrs.symantec.com.
0,ent-shasta-rrs.symantec.com.ntn.symantec.com.
0,tpc.googlesyndication.com.
0,cm.g.doubleclick.net.
0,www.google.com.
0,updatekeepalive.mcafee.com.
0,geeksforgeeks.disqus.com.
0,time-ios.apple.com.
0,time-ios.apple.com.
0,googleads.g.doubleclick.net.
0,googleads.g.doubleclick.net.
0,50-courier.push.apple.com.
0,clients1.google.com.
0,ap-sin-00001.s3.amazonaws.com.
0,HK2SCH130021029.wns.windows.com.
0,pagead2.googlesyndication.com.
0,ruiolamam.name.
0,android.clients.google.com.
0,ws12.gti.mcafee.com.
0,ws12.gti.mcafee.com.
0,edge-mqtt.facebook.com.
0,p41-ckdatabase.icloud.com.
0,sm.mcafee.com.
0,sm.mcafee.com.
0,dl-debug.x.dropbox.com.
0,sdkconfig.ad.xiaomi.com.
0,lb-miui-pub3-311316182.ap-southeast-1.elb.amazonaws.com.
0,time-ios.g.aaplimg.com.
0,chat-gateway102-prod.chat.snapchat.com.
0,chat-gateway102-prod.chat.snapchat.com.
0,edge-mqtt.facebook.com.
0,e12.whatsapp.net.
0,ws12.gti.mcafee.akadns.net.
0,ws12.gti.mcafee.akadns.net.
0,chat-gateway102-prod.chat.snapchat.com.
0,chat-gateway102-prod.chat.snapchat.com.
0,api.ad.xiaomi.com.
0,s.jpush.cn.
0,sm.mcafee.com.
0,cmdts.ksmobile.com.thapar.edu.
0,cmdts.ksmobile.com.thapar.edu.
0,p19-ckdatabase-current.edge.icloud.apple-dns.net.
0,sb.l.google.com.
0,252.0.0.224.in-addr.arpa.
0,252.0.0.224.in-addr.arpa.
0,cdn2.fstcdn.com.
0,8-courier.push.apple.com.
0,b._dns-sd._udp.0.144.31.172.in-addr.arpa.
0,db._dns-sd._udp.0.144.31.172.in-addr.arpa.
0,apchina-gld.push.samsungosp.com.
0,r5---sn-vgqsenlz.googlevideo.com.
0,r5---sn-vgqsenlz.googlevideo.com.
0,settings-crashlytics-1410998606.us-east-1.elb.amazonaws.com.
0,mail.google.com.
0,www.googleapis.com.
0,prod.disqus.map.fastlylb.net.
0,audownload.windowsupdate.nsatc.net.
0,au.au-msedge.net.
0,au.c-0001.c-msedge.net.
0,r5---sn-vgqsenlz.googlevideo.com.
0,graph.facebook.com.
0,asia.api.targetingmantra.com.
0,asia.api.targetingmantra.com.
0,m.photos.timesofindia.com.edgesuite.net.
0,a1448.f1.akamai.net.
0,goweatherex.3g.cn.
0,goweatherex.3g.cn.
0,quora-prod-tch-vpc-1136165707.us-east-1.elb.amazonaws.com.
0,8.courier-push-apple.com.akadns.net.
0,easytomessage.com.
0,sc-analytics.appspot.com.
0,data.flurry.com.
0,a104270.secure.miisolutions.net.
0,w6.b.cap-mii.net.
0,graph.facebook.com.
0,api.picsart.com.cdn.cloudflare.net.
0,www.coupondunia.in.
0,coupondunia.in.
0,ututhaaam.name.
0,samsungmobile.accu-weather.com.
0,samsungmobile.accu-weather.com.
0,guzzoni.apple.com.
0,api.smoot.apple.com.
0,8-courier.push.apple.com.
0,api.weather.com.
0,m.timesofindia.com.
0,m.timesofindia.com.edgesuite.net.
0,dns.msftncsi.com.
0,dns.msftncsi.com.
0,www.apple.com.
0,edge-mqtt.facebook.com.
0,www.gatecs.geeksquiz.com.
0,creativecommons.org.
0,www.gatecs.geeksquiz.com.
0,creativecommons.org.
0,app.chat.xiaomi.net.
0,mtalk.google.com.
0,r5---sn-vgqsenlz.googlevideo.com.
0,www.google.co.in.
0,www.gatecs.geeksquiz.com.
0,creativecommons.org.
0,android.clients.google.com.
0,google.com.
0,us.sfsapi.micloud.xiaomi.net.
0,policy.ccs.mcafee.com.
0,event.inner-active.mobi.
0,auth.geeksforgeeks.org.
0,auth.geeksforgeeks.org.
0,api.whoscall.com.
0,api.whoscall.com.
0,r5.sn-vgqsenlz.googlevideo.com.
0,graph.facebook.com.
0,mtalk.google.com.
0,scontent.fdel1-2.fna.fbcdn.net.
0,a.disquscdn.com.
0,a.ssl.fastly.net.
0,delivery.swid.switchads.com.
0,delivery.swid.switchads.com.
0,loadus.exelator.com.
0,loadus.exelator.com.
0,timeplusq.com.
0,play.googleapis.com.
0,velb-pan1gld-1432235189.ap-northeast-1.elb.amazonaws.com.
0,upoll.umengcloud.com.
0,static.xx.fbcdn.net.
0,pippio.com.
0,pippio.com.
0,events-lb-1299892453.us-east-1.elb.amazonaws.com.
0,img.cm.ksmobile.com.
0,d1nbuqzkcnm3si.cloudfront.net.
0,i.l.inmobicdn.net.
0,timesofindia.indiatimes.com.
0,a1521.b.akamai.net.
0,a358.f1.akamai.net.
0,p34-bookmarks-current.edge.icloud.apple-dns.net.
0,p34-bookmarks-current.edge.icloud.apple-dns.net.
0,ups.ksmobile.net.
0,up-cm-vpc-https-1334705568.us-west-1.elb.amazonaws.com.
0,accounts.google.com.
0,loadus.exelator.com.
0,a.disquscdn.com.
0,delivery.swid.switchads.com.
0,pixel.quantserve.com.
0,us-gmtdmp.mookie1.com.
0,us-gmtdmp.mookie1.com.
0,cdn0.fstcdn.com.xae1ahmahnge.isprimecdn.com.
0,mqtt-z.facebook.com.
0,mr.mc.cubecdn.net.
0,glitter.services.disqus.com.
0,f.ssl.fastly.net.
0,www.gatecs.geeksquiz.com.
0,creativecommons.org.
0,pippio.com.
0,lt303.tritondigital.com.
0,goallive.cdn.md.
0,docs.disqus.com.
0,131.184.53.39.in-addr.arpa.
0,referrer.disqus.com.
0,www.facebook.com.
0,settings.crashlytics.com.
0,ssw.live.com.
0,app.chat.xiaomi.net.
0,e5.whatsapp.net.
0,storage.googleapis.com.
0,fbcdn-profile-a.akamaihd.net.
0,a2047.dspl.akamai.net.
0,ssl.google-analytics.com.
0,clients4.google.com.
0,a104270.secure.miisolutions.net.
0,edge-mqtt.facebook.com.
0,mail.google.com.
0,graph.facebook.com.
0,fbcdn-profile-a.akamaihd.net.
0,loadus.exelator.com.
0,a1441.g4.akamai.net.
0,a1441.g4.akamai.net.
0,p.seventynine.mobi.
0,p.seventynine.mobi.
0,cdn1.inner-active.mobi.
0,star-mini.c10r.facebook.com.
0,www.googleapis.com.
0,www.google.com.
0,global-max-1.opera-mini.net.
0,global-max-1.opera-mini.net.
0,sync.contactspls.com.
0,sync.contactspls.com.
0,www.google.co.in.
0,android.googleapis.com.
0,data.flurry.com.
0,www.apple.com.
0,e15.whatsapp.net.
0,portal-2079987668.ap-southeast-1.elb.amazonaws.com.
0,portal-2079987668.ap-southeast-1.elb.amazonaws.com.
0,elb-p-dms-dls-uw1-737189181.us-west-1.elb.amazonaws.com.
0,elb-p-dms-dls-uw1-737189181.us-west-1.elb.amazonaws.com.
0,zonedirector.
0,a1414.g4.akamai.net.
0,a1414.g4.akamai.net.
0,guzzoni.apple.com.
0,api.weather.com.
0,api.smoot.apple.com.
0,www.google-analytics.com.
0,fbcdn-profile-a.akamaihd.net.
0,www.google-analytics.com.
0,android.googleapis.com.
0,us-mg6.mail.yahoo.com.
0,a1441.g4.akamai.net.
0,i.l.inmobicdn.net.edgekey.net.
0,i.l.inmobicdn.net.edgekey.net.globalredir.akadns.net.
0,e3393.d.akamaiedge.net.
0,android.clients.google.com.
0,4-courier.sandbox.push.apple.com.
0,4-courier.sandbox.push.apple.com.
0,edge-mqtt.facebook.com.
0,up.cm.ksmobile.com.
0,up-cm-vpc-137845722.us-west-1.elb.amazonaws.com.
0,loadus.tm.ssl.exelator.com.
0,global.load.exelator.com.
0,load.txexp.exelator.com.
0,android.clients.google.com.
0,graph.facebook.com.
0,connectivitycheck.gstatic.com.
0,aloha.viber.com.
0,graph.facebook.com.
0,time.windows.com.
0,isatap.mshome.net.
0,isatap.mshome.net.
0,graph.facebook.com.
0,fd-geoycpi-uno.gycpi.b.yahoodns.net.
0,graph.facebook.com.
0,dns.msftncsi.com.
0,fbcdn-profile-a.akamaihd.net.
0,fbcdn-sphotos-d-a.akamaihd.net.
0,fbcdn-sphotos-d-a.akamaihd.net.
0,safebrowsing.google.com.
0,39-courier.push.apple.com.
0,39.courier-push-apple.com.akadns.net.
0,static.clmbtech.com.
0,e5178.e12.akamaiedge.net.
0,tj.wifimaster.mobi.
0,lb_r3.seventynine.mobi.
0,nb-69-164-223-120.newark.nodebalancer.linode.com.
0,chat.nike.com.
0,chat.nike.com.
0,shasta-rrs.symantec.com.ntn.symantec.com.
0,mobapps.cc.
0,4.courier-sandbox-push-apple.com.akadns.net.
0,cdn1.inner-active.mobi.edgesuite.net.
0,a1413.g2.akamai.net.
0,cplus-syncweb-new-1040854781.us-east-1.elb.amazonaws.com.
0,www.google.com.
0,android.clients.google.com.
0,stats.g.doubleclick.net.
0,stats.l.doubleclick.net.
0,www.mit.edu.edgekey.net.
0,lod-courier.push-apple.com.akadns.net.
0,fbcdn-sphotos-d-a.akamaihd.net.edgesuite.net.
0,a1404.dspw41.akamai.net.
0,dsx.weather.com.
0,mtalk.google.com.
0,api.facebook.com.
0,dl.fotoable.com.
0,dl.fotoable.com.
0,m.facebook.com.
0,e9566.dscb.akamaiedge.net.
0,e9566.dscb.akamaiedge.net.
0,r6---sn-o3o-qxal.c.youtube.com.
0,graph.facebook.com.
0,nike.geocluster.process-one.net.
0,nike-hap-asia.geocluster.process-one.net.
0,r13---sn-qxa7en7l.c.youtube.com.
0,feelinsonice-hrd.appspot.com.
0,2.android.pool.ntp.org.
0,edge-mqtt.facebook.com.
0,publishers.disqus.com.
0,help.disqus.com.
0,san.secure0001.hubspot.com.edgekey.net.
0,disqus.desk.com.
0,id.google.co.in.
0,fbcdn-photos-h-a.akamaihd.net.
0,fbcdn-photos-h-a.akamaihd.net.
0,cm.dpclk.com.
0,cm.g.doubleclick.net.
0,cm.dpclk.com.
0,rc.rlcdn.com.
0,rc-ext.rlcdn.com.
0,idsync.rlcdn.com.
0,idsync-ext.rlcdn.com.
0,graph.facebook.com.
0,t.mookie1.com.
0,t.mookie1.com.
0,clients4.google.com.
0,www.google.com.
0,p17-streams.icloud.com.
0,p17-streams.icloud.com.
0,client.wns.windows.com.
0,tags.bluekai.com.
0,tags.bluekai.com.
0,p17-ckdatabase.icloud.com.
0,p17-ckdatabase.icloud.com.
0,mim2.zapr.in.
0,mim2.zapr.in.
0,graph.facebook.com.
0,publishers.disqus.com.
0,help.disqus.com.
0,e11897.b.akamaiedge.net.
0,www.wtp101.com.
0,www.wtp101.com.
0,p17-streams-current.edge.icloud.apple-dns.net.
0,cm.dpclk.com.
0,rc.rlcdn.com.
0,idsync.rlcdn.com.
0,fbcdn-photos-d-a.akamaihd.net.
0,fbcdn-photos-d-a.akamaihd.net.edgesuite.net.
0,tags0.snv.bluekai.com.
0,fotowebs.cloudapp.net.
0,p17-ckdatabase-current.edge.icloud.apple-dns.net.
0,mtalk4.google.com.
0,mtalk4.google.com.
0,fbcdn-photos-h-a.akamaihd.net.edgesuite.net.
0,a1990.dspmm1.akamai.net.
0,clients4.google.com.
0,code.geeksforgeeks.org.
0,code.geeksforgeeks.org.
0,play.google.com.
0,fbcdn-photos-g-a.akamaihd.net.
0,fbcdn-photos-g-a.akamaihd.net.
0,www.wtp101.com.
0,connectivitycheck.android.com.
0,connectivitycheck.android.com.
0,clients3.google.com.
0,analytics.query.yahoo.com.
0,resolver.gslb.mi-idc.com.
0,resolver.gslb.mi-idc.com.
0,edge-mqtt.facebook.com.
0,play.googleapis.com.
0,googleapis.l.google.com.
0,code.geeksforgeeks.org.
0,pasta.esfile.duapps.com.
0,us.galleryapi.micloud.xiaomi.net.
0,lb-17-219401788.us-west-2.elb.amazonaws.com.
0,e7279.dsce9.akamaiedge.net.
0,p34-caldav-current.edge.icloud.apple-dns.net.
0,p34-caldav-current.edge.icloud.apple-dns.net.
0,edge-mqtt.facebook.com.
0,win8.ipv6.microsoft.com.
0,graph.facebook.com.
0,graph.facebook.com.
0,help.disqus.com.
0,idsync.rlcdn.com.
0,rc.rlcdn.com.
0,cm.dpclk.com.
0,fbcdn-photos-a-a.akamaihd.net.
0,fbcdn-photos-a-a.akamaihd.net.edgesuite.net.
0,connectivitycheck.gstatic.com.
0,dnl-10.geo.kaspersky.com.
0,dnl-10.geo.kaspersky.com.
0,b-graph.facebook.com.
0,z-m.c10r.facebook.com.
0,external.fdel1-2.fna.fbcdn.net.
0,scontent-hkg3-1.xx.fbcdn.net.
0,fbcdn-profile-a.akamaihd.net.
0,scontent-hkg3-1.xx.fbcdn.net.
0,scontent.fdel1-2.fna.fbcdn.net.
0,static.xx.fbcdn.net.
0,scontent.xx.fbcdn.net.
0,settings-win.data.microsoft.com.
0,geo.settings.data.microsoft.com.akadns.net.
0,m.facebook.com.
0,www.wtp101.com.
0,a1742.r.akamai.net.
0,16-courier.push.apple.com.
0,asia-courier.push-apple.com.akadns.net.
0,github.com.
0,github.com.
0,cmdts.ksmobile.com.thapar.edu.
0,device-api.urbanairship.com.
0,device-api.urbanairship.com.
0,p17-content.icloud.com.
0,p17-content.icloud.com.
0,graph.facebook.com.
0,mim2.zapr.in.
0,scontent-hkg3-1.xx.fbcdn.net.
0,settings-win.data.microsoft.com.
0,e6203.b.akamaiedge.net.
0,itunes.apple.com.
0,mail.gmail.com.
0,e673.e9.akamaiedge.net.
0,p17-content-current.edge.icloud.apple-dns.net.
0,nrc.ds.duapps.com.
0,a2047.dspmm1.akamai.net.
0,app02.nodes.gslb.mi-idc.com.
0,www.googleapis.com.
0,p25-ckdatabase-current.edge.icloud.apple-dns.net.
0,code.geeksforgeeks.org.
0,us.sfsapi.micloud.xiaomi.net.
0,s-47-399457847.us-west-1.elb.amazonaws.com.
0,a104270.secure.miisolutions.net.
0,w6.b.cap-mii.net.
0,p15-ckdatabase-current.edge.icloud.apple-dns.net.
0,github.com.
0,p34-ckdatabase-current.edge.icloud.apple-dns.net.
0,p34-ckdatabase-current.edge.icloud.apple-dns.net.
0,p34-ckdatabase-current.edge.icloud.apple-dns.net.
0,connectivitycheck.android.com.
0,www.cdn.viber.com.
0,e9413.g.akamaiedge.net.
0,r8---sn-gxap5ojx-qxae.c.youtube.com.
0,watson.microsoft.com.
0,www.microsoft.com.
0,e10088.dspb.akamaiedge.net.
0,mibind.chat.gslb.mi-idc.com.
0,e.3.a.c.5.5.e.f.f.f.6.1.7.7.e.8.0.0.0.0.0.0.0.0.0.0.0.0.0.8.e.f.ip6.arpa.
0,p34-caldav-current.edge.icloud.apple-dns.net.
0,hk2.settings.data.microsoft.com.akadns.net.
0,graph.facebook.com.
0,b.scorecardresearch.com.
0,a1294.w20.akamai.net.
0,edge-mqtt.facebook.com.
0,edge-mqtt.facebook.com.
0,poupabta.com.
0,poupabta.com.
0,fbcdn-photos-g-a.akamaihd.net.edgesuite.net.
0,a1906.dspmm1.akamai.net.
0,settings.crashlytics.com.
0,poupabta.com.
0,fbexternal-a.akamaihd.net.
0,a1531.dsw4.akamai.net.
0,r4---sn-o3o-qxal.googlevideo.com.
0,xxmkxfdnyxhauy.mshome.net.
0,txukwrmnuebf.mshome.net.
0,dihpsntsx.mshome.net.
0,xxmkxfdnyxhauy.mshome.net.
0,txukwrmnuebf.mshome.net.
0,dihpsntsx.mshome.net.
0,xtrapath1.izatcloud.net.
0,e3645.b.akamaiedge.net.
0,app01.nodes.gslb.mi-idc.com.
0,v10.vortex-win.data.microsoft.com.
0,v10.vortex-win.data.microsoft.com.
0,r4.sn-o3o-qxal.googlevideo.com.
0,3.0.0.0.1.0.0.0.0.0.0.0.0.0.0.0.0.0.0.0.0.0.0.0.0.0.0.0.2.0.f.f.ip6.arpa.
0,fbcdn-profile-a.akamaihd.net.
0,a.config.skype.com.
0,skypeecs-prod-ase-0-b.cloudapp.net.
0,android.clients.google.com.
0,poupabta.com.
0,clients4.google.com.
0,mtalk4.google.com.
0,graph.facebook.com.
0,dsn1.d.skype.net.
0,dsn1.skype-dsn.akadns.net.
0,edge-chat.facebook.com.
0,graph.facebook.com.
0,htc2.accu-weather.com.
0,www.google.co.in.
0,profile.adkmob.com.
0,cmsearch-971770830.ap-southeast-1.elb.amazonaws.com.
0,tdev.ezviz7.com.
0,cmdts.ksmobile.com.
0,mtalk.google.com.
0,www.google.com.
0,clients3.google.com.
0,api.smoot.apple.com.
0,p48-keyvalueservice-current.edge.icloud.apple-dns.net.
0,p48-keyvalueservice-current.edge.icloud.apple-dns.net.
0,e6858.dscc.akamaiedge.net.
0,e7121.g.akamaiedge.net.
0,mqtt.c10r.facebook.com.
0,e6203.b.akamaiedge.net.
0,e673.e9.akamaiedge.net.
0,r8---sn-gxap5ojx-cvhe.googlevideo.com.
0,42-courier.push.apple.com.
0,dsn1.d.skype.net.
0,dm.htcsense.com.
0,e2926.g.akamaiedge.net.
0,electrofriends.com.
0,electrofriends.com.
0,az361816.vo.msecnd.net.
0,az361816.vo.msecnd.net.
0,cs3.wpc.v0cdn.net.
0,query.yahooapis.com.
0,query.yahooapis.com.
0,2.0.0.0.1.0.0.0.0.0.0.0.0.0.0.0.0.0.0.0.0.0.0.0.0.0.0.0.2.0.f.f.ip6.arpa.
0,static.chartbeat.com.
0,static.chartbeat.com.
0,play.googleapis.com.
0,clients4.google.com.
0,track.appsflyer.com.
0,track.appsflyer.com.
0,android.clients.google.com.
0,animatedarena.com.
0,krishnalearnings.blogspot.in.
0,animatedarena.com.
0,krishnalearnings.blogspot.in.
0,asia.api.targetingmantra.com.
0,asia.api.targetingmantra.com.
0,up.cm.ksmobile.com.
0,32.courier-push-apple.com.akadns.net.
0,samcm.ksmobile.com.
0,samcm.ksmobile.com.
0,static.xx.fbcdn.net.
0,electrofriends.com.
0,upoll.umengcloud.com.
0,play.googleapis.com.
0,beacons.gvt2.com.
0,www.google.com.
0,poupabta.com.
0,geo-prod.do.dsp.mp.microsoft.com.
0,mtalk.google.com.
0,clients4.google.com.
0,sync.itunes.apple.com.
0,api.sec.miui.com.
0,animatedarena.com.
0,krishnalearnings.blogspot.in.
0,e12.whatsapp.net.
0,graph.instagram.com.
0,9-courier.push.apple.com.
0,api.smoot.apple.com.
0,9-courier.push.apple.com.
0,www.apple.com.
0,p48-keyvalueservice-current.edge.icloud.apple-dns.net.
0,a.config.skype.com.
0,skypeecs-prod-ase-0-b.cloudapp.net.
0,dsn1.d.skype.net.
0,a.root-servers.net.
0,e4.whatsapp.net.
0,e4.whatsapp.net.
0,252.0.0.224.in-addr.arpa.
0,device-api.urbanairship.com.
0,r5---sn-qxa7en7z.googlevideo.com.
0,clients3.google.com.
0,eclick.baidu.com.
0,eclick.e.shifen.com.
0,ssp.rczzxs.com.
0,ssp.rczzxs.com.
0,captive.apple.com.
0,9.courier-push-apple.com.akadns.net.
0,play.googleapis.com.
0,epdg.epc.mnc001.mcc001.pub.3gppnetwork.org.
0,epdg.epc.mnc001.mcc001.pub.3gppnetwork.org.
0,fbstatic-a.akamaihd.net.
0,fbstatic-a.akamaihd.net.edgesuite.net.
0,android.clients.google.com.
0,dsn12.skype-dsn.akadns.net.
0,v10.vortex-win.data.microsoft.com.
0,captive.apple.com.
0,www.googleapis.com.
0,api.vungle.com.
0,api.vungle.com.
0,r8.sn-gxap5ojx-cvhe.googlevideo.com.
0,42.courier-push-apple.com.akadns.net.
0,electrofriends.com.
0,mobile.pipe.aria.microsoft.com.
0,pipe.skype.com.
0,mobile.pipe.aria.microsoft.com.
0,guzzoni.apple.com.
0,video.xx.fbcdn.net.
0,video.xx.fbcdn.net.
0,p42-keyvalueservice.icloud.com.
0,p42-keyvalueservice.icloud.com.
0,api.smoot.apple.com.
0,graph.facebook.com.
0,init-p01st.push.apple.com.
0,www.apple.com.
0,api.weather.com.
0,e2842.e9.akamaiedge.net.
0,ap-sin-00001.s3.amazonaws.com.
0,www.googleapis.com.
0,graph.facebook.com.
0,play.googleapis.com.
0,krishnalearnings.blogspot.in.
0,animatedarena.com.
0,graph.facebook.com.
0,www.google.com.
0,android.clients.google.com.
0,edge-mqtt.facebook.com.
0,p42-keyvalueservice-current.edge.icloud.apple-dns.net.
0,api.facebook.com.
0,graph.instagram.com.
0,a1006.q.akamai.net.
0,a1006.q.akamai.net.
0,a1411.g2.akamai.net.
0,a1411.g2.akamai.net.
0,android.clients.google.com.
0,fsr.lenovomm.com.
0,app.konotor.com.
0,ads.mopub.com.
0,epdg.epc.mnc001.mcc001.pub.3gppnetwork.org.
0,helpcmsecurity0.ksmobile.com.
0,epdg.epc.mnc001.mcc001.pub.3gppnetwork.org.
0,a1168.dsw4.akamai.net.
0,edge-mqtt.facebook.com.
0,queryapi-ds.internal.query.g03.yahoodns.net.
0,16-courier.push.apple.com.
0,ssp.rczzxs.com.
0,mvconf.cloud.360safe.com.
0,mvconf.cloud.360safe.com.
0,google.com.
0,d2ld8r2nan0ux8.cloudfront.net.
0,a1862.b.akamai.net.
0,a1862.b.akamai.net.
0,resolver.msg.xiaomi.net.
0,resolver.msg.xiaomi.net.
0,rqd.uu.qq.com.
0,safebrowsing.googleapis.com.
0,safebrowsing.googleapis.com.
0,quasardebugcs.cloudapp.net.
0,global.ssl.fastly.net.
0,global-ssl.fastly.net.
0,api.vungle.akadns.net.
0,api-us-east-1.vungle.com.
0,adserverrouter.prod.vungle.com.
0,adserver-router22-public.prod.vungle.com.
0,guzzoni.apple.com.
0,api.smoot.apple.com.
0,www.apple.com.
0,blogspot.l.googleusercontent.com.
0,a1494.na.akamai.net.
0,a1494.na.akamai.net.
0,helpwhitetile21.ksmobile.com.
0,cm-infoc-371915512.us-west-1.elb.amazonaws.com.
0,graph.instagram.com.
0,play.googleapis.com.
0,quasardebugcs.cloudapp.net.
0,www.hindustantimes.com.
0,a1938.b.akamai.net.
0,skydrivesync.policies.live.net.
0,skydrivesync.policies.live.net.
0,android.clients.google.com.
0,www.google.com.
0,v10.vortex-win.data.microsoft.com.
0,geo.vortex.data.microsoft.com.akadns.net.
0,skydrivesync.policies.live.net.
0,graph.facebook.com.
0,aloha.viber.com.
0,lb1-lbsn-1iav06yi7gaq2-976996164.us-east-1.elb.amazonaws.com.
0,ping.chartbeat.net.
0,tools.google.com.
0,sapnaonline.com.
0,sapnaonline.com.
0,p20-keyvalueservice.icloud.com.
0,instagram.com.
0,mvconf.cloud.360safe.com.awsr53.qihucdn.com.
0,a1507.b.akamai.net.
0,ups.ksmobile.net.
0,mobile-gtalk.l.google.com.
0,clients5.google.com.
0,ups.ksmobile.net.
0,android.connector.push.bf.mobile.yahoo.com.
0,android.connector.push.bf.mobile.yahoo.com.
0,api.dropbox.com.
0,api.dropbox.com.
0,play.googleapis.com.
0,matchcentre.starsports.com.
0,a1739.x.akamai.net.
0,api.dropbox.com.
0,twitter.com.
0,calendar.google.com.
0,calendar.google.com.
0,gsp-ssl.ls-apple.com.akadns.net.
0,www.google.com.
0,41.courier-push-apple.com.akadns.net.
0,android.clients.google.com.
0,apicache.dotcime.com.
0,clients4.google.com.
0,accounts.google.com.
0,fbstatic-a.akamaihd.net.
0,play.googleapis.com.
0,aloha.viber.com.
0,a1441.g4.akamai.net.
0,tools.google.com.
0,sapnaonline.com.
0,10-courier.push.apple.com.
0,10.courier-push-apple.com.akadns.net.
0,v10.vortex-win.data.microsoft.com.
0,a1621.g.akamai.net.
0,hk2.vortex.data.microsoft.com.akadns.net.
0,scontent.xx.fbcdn.net.
0,mup.amp.mcafee.com.
0,mup.amp.mcafee.com.
0,graph.facebook.com.
0,p20-keyvalueservice-current.edge.icloud.apple-dns.net.
0,ads.adinall.com.
0,ads.adinall.com.
0,www.msftncsi.com.
0,www.msftncsi.com.edgesuite.net.
0,api.v.dropbox.com.
0,clients3.google.com.
0,android-connector-push.bf.mobile.a03.yahoodns.net.
0,api.accuweather.com.
0,www.msftncsi.com.
0,asia.pool.ntp.org.
0,graph.facebook.com.
0,echavaeam.info.
0,echavaeam.info.
0,mobile.twitter.com.
0,mobile.twitter.com.
0,stats-public.grammarly.io.
0,stats-public.grammarly.io.
0,mtalk.google.com.
0,android.clients.google.com.
0,aloha.viber.com.
0,e6987.a.akamaiedge.net.
0,a1961.g2.akamai.net.
0,stats-public.grammarly.io.
0,10-courier.push.apple.com.
0,mtalk.google.com.
0,mup.mcafee.com.akadns.net.
0,mup-apac.mcafee.com.akadns.net.
0,api.twitter.com.
0,api.twitter.com.
0,clients4.google.com.
0,echavaeam.info.
0,www.linkedin.com.
0,dc.ads.linkedin.com.
0,media.licdn.com.
0,platform.linkedin.com.
0,static.licdn.com.
0,video.twimg.com.
0,b-www.facebook.com.
0,b-www.facebook.com.
0,z-m.facebook.com.
0,b-graph.facebook.com.
0,a1624.q.akamai.net.
0,a1624.q.akamai.net.
0,weather.ksmobile.net.
0,ec2-54-90-148-22.compute-1.amazonaws.com.
0,cd.dotcime.com.
0,www.mcafeemobilesecurity.com.
0,z-p1-graph.facebook.com.
0,echavaeam.info.
0,edge-mqtt.facebook.com.
0,mqtt.c10r.facebook.com.
0,www.facebook.com.
0,data-collector-linkedin-prod-803114458.eu-west-1.elb.amazonaws.com.
0,timesofindia.indiatimes.com.
0,wildcard.twimg.com.
0,mtalk.google.com.
0,play.google.com.
0,43.courier-push-apple.com.akadns.net.
0,e6858.dscc.akamaiedge.net.
0,imap.gmail.com.
0,www.msftncsi.com.
0,www.googleapis.com.
0,api.im.hike.in.
0,init-p01st.push.apple.com.
0,mtalk.google.com.
0,ssl.google-analytics.com.
0,a.asense.in.
0,orcart.facebook.com.
0,mtalk4.google.com.
0,android.clients.google.com.
0,31.courier-push-apple.com.akadns.net.
0,googleads.g.doubleclick.net.
0,googleads.g.doubleclick.net.
0,samcmsec.ksmobile.com.
0,samcmsec.ksmobile.com.
0,docs.google.com.
0,ssl.google-analytics.com.
0,s.haiyunx.com.
0,s.haiyunx.com.
0,gspe1-ssl.ls.apple.com.
0,static2.truecaller.com.
0,static2.truecaller.com.
0,echavaeam.info.
0,gsp10-ssl.ls.apple.com.
0,android.clients.google.com.
0,ia.media-imdb.com.
0,clients2.google.com.
0,client.v.dropbox.com.
0,connectivitycheck.android.com.
0,connectivitycheck.android.com.
0,graph.facebook.com.
0,fanobet.com.
0,fanobet.com.
0,edge-mqtt.facebook.com.
0,e9.whatsapp.net.
0,clients3.google.com.
0,glb-cp4.static.licdn.com.
0,2-01-2c3e-0017.cdx.cedexis.net.
0,2-01-2c3e-0010.cdx.cedexis.net.
0,linkedin-1.hs.llnwd.net.
0,linkedin-3.hs.llnwd.net.
0,glb-dcdn.static.licdn.com.
0,api.im.hike.in.
0,edge-mqtt.facebook.com.
0,mqtt.im.hike.in.
0,google.com.
0,portal1.passportindia.gov.in.
0,android.clients.google.com.
0,play.googleapis.com.
0,e16.whatsapp.net.
0,api-mobile.soundcloud.com.
0,cs97.wac.edgecastcdn.net.
0,www.msftncsi.com.
0,graph.facebook.com.
0,graph.facebook.com.
0,s.haiyunx.com.
0,fanobet.com.
0,cm-search-2056548390.us-west-2.elb.amazonaws.com.
0,graph.facebook.com.
0,up.cm.ksmobile.com.
0,resolver4.qheal.ctmail.com.
0,jp04.zopim.com.
0,jp04.zopim.com.
0,stats.g.doubleclick.net.
0,us34.zopim.com.
0,us34.zopim.com.
0,www.cdn.viber.com.
0,graph.facebook.com.
0,ssl.google-analytics.com.
0,static.truecaller.com.
0,static.truecaller.com.cdn.cloudflare.net.
0,z-p1.c10r.facebook.com.
0,az361816.vo.msecnd.net.
0,adbalance-349830041.ap-southeast-1.elb.amazonaws.com.
0,us38.zopim.com.
0,us38.zopim.com.
0,graph.facebook.com.
0,api.facebook.com.
0,fwupdate1.ruckuswireless.com.
0,us.sfsapi.micloud.xiaomi.net.
0,lb-17-219401788.us-west-2.elb.amazonaws.com.
0,s.haiyunx.com.
0,www.apple.com.
0,graph.facebook.com.
0,api.soundcloud.com.
0,api.soundcloud.com.
0,www.google.co.in.
0,edge-mqtt.facebook.com.
0,video-hkg3-1.xx.fbcdn.net.
0,www.googleadservices.com.
0,zonedirector.
0,zonedirector.
0,zonedirector.
0,zonedirector.
0,vicujauam.me.
0,edge-mqtt.facebook.com.
0,us34.zopim.com.
0,jp04.zopim.com.
0,ssl.google-analytics.com.
0,app01.nodes.gslb.mi-idc.com.
0,ssw.live.com.
0,gg.google.com.
0,igcdn-photos-g-a.akamaihd.net.
0,igcdn-photos-g-a.akamaihd.net.
0,android.clients.google.com.
0,www.googleapis.com.
0,sync.contactspls.com.
0,elb-p-dms-dls-uw1-737189181.us-west-1.elb.amazonaws.com.
0,us38.zopim.com.
0,app02.nodes.gslb.mi-idc.com.
0,ads.buzzcity.net.
0,ads.buzzcity.net.
0,google.com.
0,walter-producer-cdn.api.bbci.co.uk.
0,e19.e12.akamaiedge.net.
0,walter-producer-cdn.api.bbci.co.uk.
0,settings.crashlytics.com.
0,settings.crashlytics.com.
0,clients4.google.com.
0,quasardebugcs.cloudapp.net.
0,fbcdn-profile-a.akamaihd.net.
0,a2047.dspl.akamai.net.
0,eu2-scloud-proxy.ssp.samsungosp.com.
0,scloud-p2ew1-prx-1244921319.eu-west-1.elb.amazonaws.com.
0,api.kiip.me.
0,api.kiip.me.
0,play.googleapis.com.
0,jp04.zopim.com.
0,us34.zopim.com.
0,api.facebook.com.
0,apic.musixmatch.com.
0,apic-w.musixmatch.com.
0,scontent.fbom1-1.fna.fbcdn.net.
0,scontent.fbom1-1.fna.fbcdn.net.
0,2.android.pool.ntp.org.
0,android.clients.google.com.
0,scontent-hkg3-1.xx.fbcdn.net.
0,3.0.0.0.1.0.0.0.0.0.0.0.0.0.0.0.0.0.0.0.0.0.0.0.0.0.0.0.2.0.f.f.ip6.arpa.
0,resolver5.elitec.ctmail.com.
0,resolver5.elitec.ctmail.com.
0,ia.media-imdb.com.edgekey.net.
0,axp.zedo.com.
0,axp.zedo.com.
0,80.4.31.172.in-addr.arpa.
0,mobile.pipe.aria.microsoft.com.
0,prd.col.aria.mobile.skypedata.akadns.net.
0,ytimg.l.google.com.
0,www.googleapis.com.
0,us38.zopim.com.
0,track.appsflyer.com.
0,apiv2.moengage.com.
0,apiv2.moengage.com.
0,time-ios.g.aaplimg.com.
0,hyssp.haiyunx.com.
0,hyssp.haiyunx.com.
0,mobile.pipe.aria.microsoft.com.
0,mtalk.google.com.
0,e10414.g.akamaiedge.net.
0,jp02.zopim.com.
0,jp02.zopim.com.
0,asia.api.targetingmantra.com.
0,asia.api.targetingmantra.com.
0,down4.ucweb.com.
0,down4.ucweb.com.
0,resolver5.qheal.ctmail.com.
0,ocsp-ds.ws.symantec.com.edgekey.net.
0,fbcdn-sphotos-b-a.akamaihd.net.
0,a1402.dspw40.akamai.net.
0,e2.whatsapp.net.
0,velb-pew1gld-1366174266.eu-west-1.elb.amazonaws.com.
0,ping3.teamviewer.com.
0,ping3.teamviewer.com.
0,2.android.pool.ntp.org.
0,ads.buzzcity.net.
0,ping3.teamviewer.com.
0,p23-ckdatabase-current.edge.icloud.apple-dns.net.
0,apple-mobile.query.yahooapis.com.
0,e8218.dscb1.akamaiedge.net.
0,252.0.0.224.in-addr.arpa.
0,www.facebook.com.
0,axp.zedo.com.
0,mobile.pipe.aria.microsoft.com.
0,28-courier.push.apple.com.
0,28.courier-push-apple.com.akadns.net.
0,csc3-2009-2-crl.verisign.com.
0,teredo.ipv6.microsoft.com.nsatc.net.
0,igcdn-photos-g-a.akamaihd.net.edgesuite.net.
0,a1007.dspw43.akamai.net.
0,cmdump.upload.duba.net.
0,abroadcrash-1872669870.us-west-1.elb.amazonaws.com.
0,external.fbom1-1.fna.fbcdn.net.
0,settings-crashlytics-1410998606.us-east-1.elb.amazonaws.com.
0,dl.google.com.
0,_xmpp-client._tcp.xmpp.magicpin.in.
0,_xmpp-client._tcp.xmpp.magicpin.in.
0,graph.instagram.com.
0,e4642.g.akamaiedge.net.
0,fbcdn-dragon-a.akamaihd.net.
0,fbcdn-dragon-a.akamaihd.net.
0,lh3.googleusercontent.com.
0,www.googleadservices.com.
0,www.googleapis.com.
0,xmpp.magicpin.in.
0,xmpp.magicpin.in.
0,slcw.ff.avast.com.
0,ads.mopub.com.
0,quasardebugcs.cloudapp.net.
0,apic-vpc-2-982408592.us-east-1.elb.amazonaws.com.
0,ssdk.adkmob.com.
0,ssdk.adkmob.com.
0,crl-ds.ws.symantec.com.edgekey.net.
0,e6845.dscb1.akamaiedge.net.
0,ssdk.adkmob.com.
0,fbexternal-a.akamaihd.net.
0,config.mobile.yahoo.com.
0,mqtt-z.facebook.com.
0,www.google.com.
0,fbcdn-dragon-a.akamaihd.net.edgesuite.net.
0,a1170.dsw4.akamai.net.
0,www.msftncsi.com.
0,ads.buzzcity.net.
0,ssl.google-analytics.com.
0,guzzoni.apple.com.
0,www.google.com.
0,www.apple.com.
0,graph.facebook.com.
0,twitter.com.
0,googleads.g.doubleclick.net.
0,e15.whatsapp.net.
0,lb-im-07-826586616.ap-southeast-1.elb.amazonaws.com.
0,analytics.query.yahoo.com.
0,www.facebook.com.
0,p43-caldav-current.edge.icloud.apple-dns.net.
0,p43-caldav-current.edge.icloud.apple-dns.net.
0,go.microsoft.com.
0,e11290.dspg.akamaiedge.net.
0,go.microsoft.com.
0,wmcdn.qtmojo.cn.
0,wmcdn.qtmojo.cn.
0,e6.whatsapp.net.
0,edge-mqtt.facebook.com.
0,mobile.pipe.aria.microsoft.com.
0,mobile.pipe.aria.microsoft.com.
0,mobile.pipe.aria.microsoft.com.
0,mobile.pipe.aria.microsoft.com.
0,m.facebook.com.
0,mobile.pipe.aria.microsoft.com.
0,mobile.pipe.aria.microsoft.com.
0,apis.mail.yahoo.com.
0,geoycpi-uno-lite.gycpi.b.yahoodns.net.
0,helpwhitetile21.ksmobile.com.
0,cm-infoc-371915512.us-west-1.elb.amazonaws.com.
0,e2842.e9.akamaiedge.net.
0,play.googleapis.com.
0,www.googleapis.com.
0,tools.google.com.
0,oracle.proaptitude.com.
0,cmarket.kejet.net.
0,cmarket.kejet.net.
0,alt6-mtalk.google.com.
0,mtalk.google.com.
0,dl.l.google.com.
0,us.sfsapi.micloud.xiaomi.net.
0,us.sfsapi.micloud.xiaomi.net.
0,edge-mqtt.facebook.com.
0,edge-mqtt.facebook.com.
0,p43-caldav-current.edge.icloud.apple-dns.net.
0,go.microsoft.com.
0,fbcdn-sphotos-f-a.akamaihd.net.
0,fbcdn-sphotos-f-a.akamaihd.net.
0,wmcdn.qtmojo.cn.
0,alt6.mobile-gtalk4.l.google.com.
0,sdk.mobnativeads.com.
0,api.napiservice.com.
0,time-ios.apple.com.
0,time-ios.apple.com.
0,p40-keyvalueservice.icloud.com.
0,www.google.com.
0,video.xx.fbcdn.net.
0,p40-keyvalueservice-current.edge.icloud.apple-dns.net.
0,www.apple.com.
0,business-225637987.ap-southeast-1.elb.amazonaws.com.
0,e3.whatsapp.net.
0,locker.cmcm.com.
0,apibalance-684752271.ap-southeast-1.elb.amazonaws.com.
0,edge-mqtt.facebook.com.
0,e6987.a.akamaiedge.net.
0,time-ios.g.aaplimg.com.
0,ads.buzzcity.net.
0,api.fehlerseite.com.
0,clients3.google.com.
0,ssl.google-analytics.com.
0,www.pacreception.com.
0,pacreception.com.
0,e16.whatsapp.net.
0,fbcdn-sphotos-f-a.akamaihd.net.edgesuite.net.
0,a1406.dspw42.akamai.net.
0,www.microsoft.com.
0,e10088.dspb.akamaiedge.net.
0,ctldl.windowsupdate.com.
0,www.microsoft.com.
0,e10088.dspb.akamaiedge.net.
0,dxho2zmieet97.cloudfront.net.
0,pingma.qq.com.
0,android.clients.google.com.
0,connectivitycheck.android.com.
0,393-trouter-easia-a.drip.trouter.io.
0,pip.393.trouter-easia-a.cloudapp.net.
0,clients3.google.com.
0,graph.facebook.com.
0,clients2.google.com.
0,api.smoot.apple.com.
0,www.google.com.
0,mtalk4.google.com.
0,wmcdn.qtmojo.cn.
0,edge-mqtt.facebook.com.
0,android.clients.google.com.
0,payments.spinr.in.
0,android.imap.mail.yahoo.com.
0,inst.platform.bing.com.
0,a-0001.a-msedge.net.
0,www.apple.com.
0,mtalk.google.com.
0,play.googleapis.com.
0,winmo.imap.mail.yahoo.com.
0,winmo.imap.mail.yahoo.com.
0,request3.truecaller.com.
0,fblive-a.akamaihd.net.
0,fblive-a.akamaihd.net.
0,www.apple.com.
0,init-p01st.push.apple.com.
0,a1441.g4.akamai.net.
0,api.weather.com.
0,e7121.g.akamaiedge.net.
0,guzzoni.apple.com.
0,stats.everything.me.
0,stats.everything.me.
0,api.smoot.apple.com.
0,www.google.com.
0,edge-mqtt.facebook.com.
0,play.googleapis.com.
0,settings-win.data.microsoft.com.
0,r19---sn-qxa7en7z.c.youtube.com.
0,appcloud.mcafee.com.
0,dl.l.google.com.
0,s3-1.amazonaws.com.
0,up.cm.ksmobile.com.
0,up-cm-vpc-137845722.us-west-1.elb.amazonaws.com.
0,www.cyberoam.com.
0,samcm.ksmobile.com.
0,ping3.teamviewer.com.
0,tls.ds.duapps.com.
0,connectivitycheck.gstatic.com.
0,www.google.com.
0,wildcard.twimg.com.
0,resolver.msg.xiaomi.net.
0,mtalk.google.com.
0,edge-mqtt.facebook.com.
0,r19---sn-qxa7en7s.c.youtube.com.
0,r19---sn-qxa7en7s.c.youtube.com.
0,android.clients.google.com.
0,lt303.tritondigital.com.
0,lt303.tritondigital.com.
0,graph.facebook.com.
0,star.c10r.facebook.com.
0,api.weather.com.
0,resolver4.qheal.ctmail.com.
0,resolver5.qheal.ctmail.com.
0,mtalk.google.com.
0,240.34.253.131.in-addr.arpa.
0,duduiapam.name.
0,i.instagram.com.
0,www.thefreedictionary.com.
0,www.thefreedictionary.com.
0,graph.facebook.com.
0,mobile.pipe.aria.microsoft.com.
0,pipe.prd.skypedata.akadns.net.
0,whos.amung.us.
0,whos.amung.us.
0,s.gateway.messenger.live.com.
0,ads.buzzcity.net.
0,a2047.dspda2.akamai.net.
0,api.linkedin.com.
0,api.linkedin.com.
0,updatekeepalive.mcafee.com.
0,updatekeepalive.mcafee.com.
0,cfg.cml.ksmobile.com.
0,cm-launcher-sdk-36022841.us-east-1.elb.amazonaws.com.
0,android.clients.google.com.
0,mim2.zapr.in.
0,mim2.zapr.in.
0,resolver.msg.xiaomi.net.
0,e673.e9.akamaiedge.net.
0,gmail-imap.l.google.com.
0,history.google.com.
0,fbcdn-video-k-a.akamaihd.net.
0,fbcdn-video-k-a.akamaihd.net.
0,fbcdn-sphotos-a-a.akamaihd.net.
0,fbcdn-sphotos-a-a.akamaihd.net.
0,imap.mail.me.com.
0,media.steampowered.com.
0,media.steampowered.com.
0,helpwhitetile21.ksmobile.com.
0,xtrapath1.izatcloud.net.
0,d3w2id5zlqvvik.cloudfront.net.
0,guzzoni.apple.com.
0,ssvodasp-vh.akamaihd.net.
0,36-courier.push.apple.com.
0,ssvodasp-vh.akamaihd.net.
0,36.courier-push-apple.com.akadns.net.
0,www.apple.com.
0,api.smoot.apple.com.
0,imap.gmail.com.
0,imap.gmail.com.
0,sdkm.w.inmobi.com.
0,stats.everything.me.
0,stats.everything.me.
0,r19.sn-qxa7en7z.c.youtube.com.
0,android.googleapis.com.
0,atd9.spinr.in.
0,graph.facebook.com.
0,e6203.b.akamaiedge.net.
0,45-courier.push.apple.com.
0,45.courier-push-apple.com.akadns.net.
0,p37-keyvalueservice.icloud.com.
0,skype.geo.msnmessenger.msn.com.akadns.net.
0,by2.skype.msnmessenger.msn.com.akadns.net.
0,a223.w10.akamai.net.
0,a2047.dspw40.akamai.net.
0,p37-keyvalueservice-current.edge.icloud.apple-dns.net.
0,scontent.fdel1-2.fna.fbcdn.net.
0,mme6.whatsapp.net.
0,mme6.whatsapp.net.
0,20-courier.push.apple.com.
0,20.courier-push-apple.com.akadns.net.
0,fbcdn-video-k-a.akamaihd.net.edgesuite.net.
0,a1475.dspda2.akamai.net.
0,fbstatic-a.akamaihd.net.
0,fbcdn-profile-a.akamaihd.net.
0,r7---sn-cvh7kn7z.c.youtube.com.
0,api.smoot.apple.com.
0,apple-mobile.query.yahooapis.com.
0,www.apple.com.
0,resolver.msg.xiaomi.net.
0,mmx-ds.cdn.whatsapp.net.
0,media.steampowered.com.
0,imap.mail.me.com.akadns.net.
0,st11-p00-imap.mail.me.com.akadns.net.
0,graph.facebook.com.
0,www.zopim.com.
0,www.zopim.com.
0,r19.sn-qxa7en7s.c.youtube.com.
0,imap.gmail.com.
0,p.xender.com.
0,adv-admlog-328963025.cn-north-1.elb.amazonaws.com.cn.
0,tbapi.search.ask.com.
0,www106.search.ask.com.
0,fbcdn-photos-c-a.akamaihd.net.
0,www.facebook.com.
0,play.googleapis.com.
0,graph.facebook.com.
0,en.ucsec1.ucweb.com.
0,captive.apple.com.
0,stats.everything.me.
0,icc.blackberry.com.
0,e5884.d.akamaiedge.net.
0,wildcard.twimg.com.
0,whos.amung.us.
0,ads.buzzcity.net.
0,www.zopim.com.
0,guzzoni.apple.com.
0,imap.gmail.com.
0,dns.msftncsi.com.
0,ssl.google-analytics.com.
0,whos.amung.us.
0,ads.buzzcity.net.
0,android.clients.google.com.
0,media.steampowered.com.
0,www.apple.com.
0,s.jpush.cn.
0,s.jpush.cn.
0,ws12.gti.mcafee.com.
0,ws12.gti.mcafee.com.
0,ws12.gti.mcafee.akadns.net.
0,init-p01st.push.apple.com.
0,fbcdn-photos-h-a.akamaihd.net.
0,a1990.dspmm1.akamai.net.
0,www.cdn.viber.com.
0,e9413.g.akamaiedge.net.
0,nrc.tapas.net.
0,tbapi.search.ask.com.
0,tbapi.search.ask.com.
0,l.facebook.com.
0,graph.facebook.com.
0,android.clients.google.com.
0,r7.sn-cvh7kn7z.c.youtube.com.
0,safebrowsing.google.com.
0,fbcdn-photos-a-a.akamaihd.net.
0,fbcdn-photos-a-a.akamaihd.net.
0,xa.xingcloud.com.
0,reports.crashlytics.com.
0,tls.dxsvr.com.
0,igcdn-photos-b-a.akamaihd.net.
0,www.microsoft.com.
0,e10088.dspb.akamaiedge.net.
0,edge-mqtt.facebook.com.
0,28-courier.push.apple.com.
0,xtrapath1.izatcloud.net.
0,a1507.d.akamai.net.
0,xtrapath2.izatcloud.net.
0,d3bfhz8j7i21uk.cloudfront.net.
0,e673.e9.akamaiedge.net.
0,graph.facebook.com.
0,tbapi.search.ask.com.
0,tbapi.search.ask.com.
0,www.facebook.com.
0,xtrapath3.izatcloud.net.
0,app.chat.xiaomi.net.
0,apple-mobile.query.yahooapis.com.
0,www.google.com.
0,graph.facebook.com.
0,s3-1.amazonaws.com.
0,ng01.sh01.tira.cn.
0,mail.google.com.
0,www.facebook.com.
0,mail.google.com.
0,r3---sn-o3o-qxal.c.youtube.com.
0,instagram.fdel1-2.fna.fbcdn.net.
0,mymetro-nmc.nod.nuance.com.
0,e10414.g.akamaiedge.net.
0,graph.facebook.com.
0,whos.amung.us.
0,ads.buzzcity.net.
0,mtalk.google.com.
0,ssl.google-analytics.com.
0,graph.instagram.com.
0,r19---sn-qxa7en7s.c.youtube.com.
0,developer.myntra.com.
0,graph.instagram.com.
0,adserver-vpc-production-v2-669935021.us-east-1.elb.amazonaws.com.
0,mtalk.google.com.
0,e1722.x.akamaiedge.net.
0,identity.ess-apple.com.akadns.net.
0,identity.ess-apple.com.akadns.net.
0,unconf.adkmob.com.
0,unconf.adkmob.com.
0,unconf.adkmob.com.
0,3.0.0.0.1.0.0.0.0.0.0.0.0.0.0.0.0.0.0.0.0.0.0.0.0.0.0.0.2.0.f.f.ip6.arpa.
0,ping3.teamviewer.com.
0,reports.crashlytics.com.
0,r2---sn-o3o-qxal.googlevideo.com.
0,graph.facebook.com.
0,cl5.apple.com.
0,cl5.apple.com.edgekey.net.
0,formal-writing.us.
0,formal-writing.us.
0,reports.crashlytics.com.
0,aloha.viber.com.
0,business-1539604941.eu-west-1.elb.amazonaws.com.
0,asia.api.targetingmantra.com.
0,asia.api.targetingmantra.com.
0,m.facebook.com.
0,e10379.b.akamaiedge.net.
0,ws12.gti.mcafee.akadns.net.
0,graph.facebook.com.
0,g.bing.com.
0,g.bing.com.
0,elb-pew1proxy-prd-1408942661.eu-west-1.elb.amazonaws.com.
0,quasardebugcs.cloudapp.net.
0,200.233.172.5.in-addr.arpa.
0,fbexternal-a.akamaihd.net.
0,a1531.dsw4.akamai.net.
0,mtalk.google.com.
0,e7279.dsce9.akamaiedge.net.
0,v10.vortex-win.data.microsoft.com.
0,mmi413.whatsapp.net.
0,g.msn.com.nsatc.net.
0,252.0.0.224.in-addr.arpa.
0,logjam.cyngn.com.
0,logjam.cyngn.com.
0,www.googleapis.com.
0,mqtt.im.hike.in.
0,graph.instagram.com.
0,appsflyer-web-1810875176.eu-west-1.elb.amazonaws.com.
0,graph.facebook.com.
0,edge-mqtt.facebook.com.
0,prod.global.ssl.fastly.net.
0,prod.global.ssl.fastly.net.
0,fonts.google.com.
0,quasardebugcs.cloudapp.net.
0,google.com.
0,whos.amung.us.
0,cdn.vamaker.com.
0,cdn.vamaker.com.w.alikunlun.com.
0,android.clients.google.com.
0,safebrowsing.google.com.
0,a104270.secure.miisolutions.net.
0,w6.b.cap-mii.net.
0,play.googleapis.com.
0,stickers.im.hike.in.
0,stickers.im.hike.in.
0,skypeecs-prod-edge-b.trafficmanager.net.
0,ads.flurry.com.
0,apple-mobile.query.yahooapis.com.
0,ads.flurry.com.
0,api.smoot.apple.com.
0,origin.guzzoni-apple.com.akadns.net.
0,e6858.dscc.akamaiedge.net.
0,graph.facebook.com.
0,resolver.gslb.mi-idc.com.
0,thm.market.xiaomi.com.
0,thm.market.xiaomi.com.
0,googleads.g.doubleclick.net.
0,static.xx.fbcdn.net.
0,scontent.xx.fbcdn.net.
0,android.clients.google.com.
0,whos.amung.us.
0,fbcdn-video-f-a.akamaihd.net.
0,fbcdn-video-f-a.akamaihd.net.
0,a104270.secure.miisolutions.net.
0,safebrowsing-cache.google.com.
0,cdn.vamaker.com.
0,whos.amung.us.
0,e14.whatsapp.net.
0,win8.ipv6.microsoft.com.
0,ws.ksmobile.net.
0,i.w.inmobi.com.
0,i.w.inmobi.com.
0,lbs-860051718.ap-southeast-1.elb.amazonaws.com.
0,ads.flurry.com.
0,time.windows.com.
0,graph.facebook.com.
0,log.getdropbox.com.
0,107.0.168.192.in-addr.arpa.
0,static.xx.fbcdn.net.
0,clients3.google.com.
0,apple-mobile.query.yahooapis.com.
0,guzzoni.apple.com.
0,www.apple.com.
0,w.inmobi.com.
0,getdropbox.v.dropbox.com.
0,2.android.pool.ntp.org.
0,d.v.dropbox.com.
0,e9.whatsapp.net.
0,21-courier.push.apple.com.
0,21.courier-push-apple.com.akadns.net.
0,21-courier.push.apple.com.
0,a649.w7.akamai.net.
0,a649.w7.akamai.net.
0,android.clients.google.com.
0,mtalk.google.com.
0,graph.facebook.com.
0,graph.instagram.com.
0,cdn.vamaker.com.
0,play.googleapis.com.
0,prd.col.aria.mobile.skypedata.akadns.net.
0,elb-p-dms-dls-uw1-737189181.us-west-1.elb.amazonaws.com.
0,api.smoot.apple.com.
0,www.ospserver.net.
0,www.ospserver.net.
0,s-0001.s-msedge.net.
0,whos.amung.us.
0,168.92.47.69.in-addr.arpa.
0,cd.aviary.com.
0,cd.aviary.com.
0,data.flurry.com.
0,data.flurry.com.
0,imap.gmail.com.
0,graph.facebook.com.
0,edge-mqtt.facebook.com.
0,mtalk4.google.com.
0,track.appsflyer.com.
0,track.appsflyer.com.
0,blu406-m.hotmail.com.
0,navigation.api.hk.goforandroid.com.
0,navigation.api.hk.goforandroid.com.
0,graph.facebook.com.
0,helpcmsecurity1.ksmobile.com.
0,mqtt.im.hike.in.
0,dns.msftncsi.com.
0,dns.msftncsi.com.
0,graph.facebook.com.
0,mmi281.whatsapp.net.
0,mmi281.whatsapp.net.
0,e5153.a.akamaiedge.net.
0,e5153.a.akamaiedge.net.
0,alt1-safebrowsing.google.com.
0,fotmobenetpulse.s3-external-3.amazonaws.com.
0,dns.msftncsi.com.
0,hioroakam.biz.
0,graph.facebook.com.
0,mtalk4.google.com.
0,aloha.viber.com.
0,mtalk.google.com.
0,log.client.akadns.net.
0,log.client.akadns.net.
0,axp.zedo.com.
0,graph.facebook.com.
0,mobile.pipe.aria.microsoft.com.
0,p21-sharedstreams-current.edge.icloud.apple-dns.net.
0,p21-sharedstreams-current.edge.icloud.apple-dns.net.
0,197.4.125.185.in-addr.arpa.
0,197.4.125.185.in-addr.arpa.
0,www.google.com.
0,fbcdn-video-f-a.akamaihd.net.edgesuite.net.
0,a1923.dspda2.akamai.net.
0,paymentschat.freecharge.in.
0,s3-1.amazonaws.com.
0,instagram.com.
0,flurry.agentportal.prod.g04.yahoodns.net.
0,b-graph.facebook.com.
0,e5153.a.akamaiedge.net.
0,edge-mqtt.facebook.com.
0,0.client-channel.google.com.
0,0.client-channel.google.com.
0,dns.msftncsi.com.
0,log.client.akadns.net.
0,graph.facebook.com.
0,mtalk4.google.com.
0,0.client-channel.google.com.
0,0.client-channel.google.com.
0,infoc-cms-recv-839538381.us-west-1.elb.amazonaws.com.
0,shasta-rrs.symantec.com.
0,mtalk4.google.com.
0,162.140.57.88.in-addr.arpa.
0,graph.facebook.com.
0,star.c10r.facebook.com.
0,s3-external-3.amazonaws.com.
0,t.appsflyer.com.
0,a1867.g.akamai.net.
0,api.appjustmusic.com.
0,api.appjustmusic.com.
0,www.msftncsi.com.
0,a1961.g2.akamai.net.
0,471-trouter-neu-a.drip.trouter.io.
0,pip.471.trouter-neu-a.cloudapp.net.
0,e1805.b.akamaiedge.net.
0,graph.facebook.com.
0,star.c10r.facebook.com.
0,DB3MSGR6011312.gateway.messenger.live.com.
0,api.skype.com.
0,android.clients.google.com.
0,android.clients.google.com.
0,web.telegram.org.
0,dsn9.d.skype.net.
0,612.0.30.6.20703.rst3.r.skype.net.
0,cn1.redswoosh.akadns.net.
0,cn1.redswoosh.akadns.net.
0,dsn9.skype-dsn.akadns.net.
0,dsn9.skype-dsn.akadns.net.
0,fota-cloud-dn.ospserver.net.
0,fota-cloud-dn.ospserver.net.
0,android.googleapis.com.
0,DB3MSGR6011312.gateway.messenger.live.com.
0,a1441.g4.akamai.net.
0,a1441.g4.akamai.net.
0,e5643.g.akamaiedge.net.
0,cs.sl.blackberry.com.
0,pipe.prd.skypedata.akadns.net.
0,tlu.dl.delivery.mp.microsoft.com.
0,2-01-3cf7-000d.cdx.cedexis.net.
0,www.msftncsi.com.
0,www.msftncsi.com.
0,connectivitycheck.gstatic.com.
0,connectivitycheck.gstatic.com.
0,mqtt.im.hike.in.
0,edge-mqtt.facebook.com.
0,clients3.google.com.
0,android.clients.google.com.
0,shasta-rrs.symantec.com.ntn.symantec.com.
0,a104270.secure.miisolutions.net.
0,www.instagram.com.
0,r7---sn-gxap5ojx-qxae.c.youtube.com.
0,r7---sn-gxap5ojx-qxae.c.youtube.com.
0,imap.gmail.com.
0,graph.facebook.com.
0,tlu.dl.delivery.mp.microsoft.com.
0,cn1.redswoosh.akadns.net.
0,e16.whatsapp.net.
0,axp.zedo.com.
0,Adxprs-SG-New-552819344.ap-southeast-1.elb.amazonaws.com.
0,www.google.com.
0,graph.facebook.com.
0,android.clients.google.com.
0,prod-tests-mettl-new-1533539086.ap-southeast-1.elb.amazonaws.com.
0,ad.crwdcntrl.net.
0,td.crwdcntrl.net.
0,sync.itunes.apple.com.
0,nexus.officeapps.live.com.
0,prod-w.nexus.live.com.akadns.net.
0,epdg.epc.mnc001.mcc001.pub.3gppnetwork.org.
0,epdg.epc.mnc001.mcc001.pub.3gppnetwork.org.
0,graph.facebook.com.
0,pos.baidu.com.
0,cb.e.shifen.com.
0,scontent.fdel1-2.fna.fbcdn.net.
0,a104270.secure.miisolutions.net.
0,external.fdel1-2.fna.fbcdn.net.
0,ups.ksmobile.net.
0,a1441.g4.akamai.net.
0,elb-p-dms-dls-uw1-737189181.us-west-1.elb.amazonaws.com.
0,nexus.officeapps.live.com.
0,graph.facebook.com.
0,epdg.epc.mnc001.mcc001.pub.3gppnetwork.org.
0,p17-ckdatabase-current.edge.icloud.apple-dns.net.
0,p17-ckdatabase-current.edge.icloud.apple-dns.net.
0,edge-mqtt.facebook.com.
0,samcmsec.ksmobile.com.
0,clientapi.skype.akadns.net.
0,clientapi.skype.akadns.net.
0,init-p01st.push.apple.com.
0,edge-mqtt.facebook.com.
0,axp.zedo.com.
0,cn1.client.akadns.net.
0,api.accuweather.com.
0,ws12.gti.mcafee.com.
0,ws12.gti.mcafee.com.
0,e1.whatsapp.net.
0,d1n5wo3e5pgfy4.cloudfront.net.
0,guzzoni.apple.com.
0,www.apple.com.
0,e6858.dscc.akamaiedge.net.
0,36-courier.push.apple.com.
0,4-courier.push.apple.com.
0,4.courier-push-apple.com.akadns.net.
0,www.google.com.
0,rstwh.skype-cr.akadns.net.
0,rstwh.skype-cr.akadns.net.
0,www.googleapis.com.
0,tlu.dl.delivery.mp.microsoft.com.
0,ssl.google-analytics.com.
0,graph.facebook.com.
0,connectivitycheck.gstatic.com.
0,www.google.com.
0,37-courier.push.apple.com.
0,37.courier-push-apple.com.akadns.net.
0,edge-mqtt.facebook.com.
0,www.mensxp.com.
0,www.mensxp.com.
0,ic.tynt.com.
0,ic.tynt.com.
0,sdkconfig.ad.xiaomi.com.
0,sdkconfig.ad.xiaomi.com.
0,mobile.pipe.aria.microsoft.com.
0,android.clients.google.com.
0,a104270.secure.miisolutions.net.
0,zj.dcys.ksmobile.com.
0,zj.dcys.ksmobile.com.wscdns.com.
0,edge-mqtt.facebook.com.
0,cl5.apple.com.
0,e2842.e9.akamaiedge.net.
0,r7.sn-gxap5ojx-qxae.c.youtube.com.
0,weather.ksmobile.net.
0,weatherquery-nt-1625400080.us-west-2.elb.amazonaws.com.
0,graph.instagram.com.
0,prod-tests-mettl-new-1533539086.ap-southeast-1.elb.amazonaws.com.
0,nexus.officeapps.live.com.
0,graph.facebook.com.
0,ssdk.adkmob.com.
0,tracking.miui.com.
0,tracking.miui.com.
0,3.0.0.0.1.0.0.0.0.0.0.0.0.0.0.0.0.0.0.0.0.0.0.0.0.0.0.0.2.0.f.f.ip6.arpa.
0,guzzoni.apple.com.
0,p23-keyvalueservice.icloud.com.
0,www.apple.com.
0,p23-keyvalueservice-current.edge.icloud.apple-dns.net.
0,r6---sn-o3o-qxal.googlevideo.com.
0,www.google.com.
0,api.weather.com.
0,graph.facebook.com.
0,a1414.g4.akamai.net.
0,a1414.g4.akamai.net.
0,apple-finance.query.yahoo.com.
0,mobile-collector.newrelic.com.
0,ic.tynt.com.
0,asia.api.targetingmantra.com.
0,asia.api.targetingmantra.com.
0,e1722.x.akamaiedge.net.
0,edge-chat.facebook.com.
0,graph.facebook.com.
0,client.wns.windows.com.
0,m.mensxp.com.
0,m.mensxp.com.
0,api.zomato.com.
0,197.4.125.185.in-addr.arpa.
0,197.4.125.185.in-addr.arpa.
0,elb-p-dms-dls-uw1-737189181.us-west-1.elb.amazonaws.com.
0,p34-bookmarks-current.edge.icloud.apple-dns.net.
0,p34-bookmarks-current.edge.icloud.apple-dns.net.
0,geo-applefinance-cache.internal.query.g03.yahoodns.net.
0,b.ssl.fastly.net.
0,graph.facebook.com.
0,www.googleapis.com.
0,ade.clmbtech.com.
0,e5178.e12.akamaiedge.net.
0,fbcdn-creative-a.akamaihd.net.
0,a1073.dsw4.akamai.net.
0,pool.ntp.org.
0,adsunflower.com.
0,ssl.google-analytics.com.
0,clients3.google.com.
0,a2047.dspl.akamai.net.
0,api.facebook.com.
0,api.m.gds.taobao.com.
0,api.m.gds.taobao.com.
0,3.0.0.0.1.0.0.0.0.0.0.0.0.0.0.0.0.0.0.0.0.0.0.0.0.0.0.0.2.0.f.f.ip6.arpa.
0,play.googleapis.com.
0,staticxx.facebook.com.
0,play.googleapis.com.
0,2.android.pool.ntp.org.
0,cfg.cml.ksmobile.com.
0,e9566.dscb.akamaiedge.net.
0,www.hpgtm.nsatc.net.
0,e2.whatsapp.net.
0,a1414.g4.akamai.net.
0,graph.facebook.com.
0,konotor-408082047.us-east-1.elb.amazonaws.com.
0,ic.tynt.com.
0,p34-keyvalueservice-current.edge.icloud.apple-dns.net.
0,p34-keyvalueservice-current.edge.icloud.apple-dns.net.
0,up.cm.ksmobile.com.
0,159.31.242.117.in-addr.arpa.
0,tlu.dl.delivery.mp.microsoft.com.
0,e9566.dscb.akamaiedge.net.
0,e3645.b.akamaiedge.net.
0,up.cm.ksmobile.com.
0,up-cm-vpc-137845722.us-west-1.elb.amazonaws.com.
0,tlu.dl.delivery.mp.microsoft.com-c.edgesuite.net.
0,graph.facebook.com.
0,www.hpgtm.nsatc.net.
0,notification-api.truecaller.com.
0,notification-api.truecaller.com.
0,request3.truecaller.com.
0,eas.outlook.com.
0,eas.outlook.com.
0,s3.amazonaws.com.
0,s3-1.amazonaws.com.
0,dup.baidustatic.com.
0,ecomcbjs.jomodns.com.
0,www.baidu.com.
0,missed-calls.production.calling.skype.trafficmanager.net.
0,activesync.glbdns2.microsoft.com.
0,trap-asea-01.cloudapp.net.
0,production.skype-registar.akadns.net.
0,go.trouter.io.
0,api-cc-skype.trafficmanager.net.
0,connectivitycheck.gstatic.com.
0,tlu.dl.delivery.mp.microsoft.com-c.edgesuite.net.globalredir.akadns.net.
0,a1856.dspw65.akamai.net.
0,e11566.b.akamaiedge.net.
0,7-courier.sandbox.push.apple.com.
0,7-courier.sandbox.push.apple.com.
0,elb-tse-01-90784539.ap-southeast-1.elb.amazonaws.com.
0,m.mensxp.com.edgesuite.net.
0,a82.f1.akamai.net.
0,graph.facebook.com.
0,www.mensxp.com.edgesuite.net.
0,a1129.f1.akamai.net.
0,mobile.pipe.aria.microsoft.com.
0,prd.col.aria.mobile.skypedata.akadns.net.
0,android.clients.google.com.
0,trap-asea-01.cloudapp.net.
0,production.skype-registar.akadns.net.
0,logjam.cyngn.com.
0,boxerupgrades.getboxer.com.
0,clients3.google.com.
0,med.heyzap.com.
0,med.heyzap.com.
0,252.0.0.224.in-addr.arpa.
0,2.android.pool.ntp.org.
0,mobile.pipe.aria.microsoft.com.
0,e3.whatsapp.net.
0,edge-mqtt.facebook.com.
0,pagead.l.doubleclick.net.
0,a57.d.akamai.net.
0,lb-im-02-895358347.ap-southeast-1.elb.amazonaws.com.
0,graph.instagram.com.
0,lb-miui-04-726925605.ap-southeast-1.elb.amazonaws.com.
0,uc.ucweb.com.
0,uc.ucweb.com.
0,activesync.glbdns2.microsoft.com.
0,c-cc-euwe-01-skype.cloudapp.net.
0,a.root-servers.net.
0,7.courier-sandbox-push-apple.com.akadns.net.
0,gj.applog.uc.cn.
0,gj.applog.uc.cn.
0,google.com.
0,skype-calling-missedcallsregistrar-prod-ne.cloudapp.net.
0,root.skype-edf.akadns.net.
0,tr001.skype-edf.akadns.net.
0,tr001.skype-edf.akadns.net.
0,android.clients.google.com.
0,c-cc-euwe-01-skype.cloudapp.net.
0,pr-prod-1783367669.ap-southeast-1.elb.amazonaws.com.
0,www.googleadservices.com.
0,oracletest.proaptitude.com.
0,pacexam.com.
0,analytics.mopub.com.
0,analytics.mopub.com.
0,graph.facebook.com.
0,opthwjs.xdwscache.speedcdns.com.
0,ecomcbjs.gshifen.com.
0,skype-calling-missedcallsregistrar-prod-ne.cloudapp.net.
0,gj.applog.ucdns.uc.cn.
0,lc49.dsr.livefyre.com.
0,lc49.dsr.livefyre.com.
0,a1621.g.akamai.net.
0,st.dotcime.com.
0,graph.facebook.com.
0,scontent-hkg3-1.xx.fbcdn.net.
0,appexsports.trafficmanager.net.
0,appexbingfinance.trafficmanager.net.
0,appexsports.trafficmanager.net.
0,appexbingfinance.trafficmanager.net.
0,38.courier-push-apple.com.akadns.net.
0,lh5.ggpht.com.
0,cdn.castplatform.com.
0,photos-ugc.l.googleusercontent.com.
0,ocsp-ds.ws.symantec.com.edgekey.net.
0,graph.facebook.com.
0,cms.utag.ksmobile.com.
0,cms.utag.ksmobile.com.
0,android.clients.google.com.
0,abs.twimg.com.
0,abs.twimg.com.
0,de.tynt.com.
0,de.tynt.com.
0,googleads.g.doubleclick.net.
0,cms.utag.ksmobile.com.
0,p32-keyvalueservice-current.edge.icloud.apple-dns.net.
0,developer.myntra.com.
0,v10.vortex-win.data.microsoft.com.
0,settings.crashlytics.com.
0,wpad.app.thapar.edu.
0,cs472.wac.edgecastcdn.net.
0,axp.zedo.com.
0,up.4-zip.com.
0,up.4-zip.com.
0,ic.tynt.com.
0,edge-mqtt.facebook.com.
0,graph.facebook.com.
0,p24-ubiquity.icloud.com.
0,graph.facebook.com.
0,dm.htcsense.com.
0,e2926.g.akamaiedge.net.
0,edge-mqtt.facebook.com.
0,up.4-zip.com.
0,e8218.dscb1.akamaiedge.net.
0,crl-ds.ws.symantec.com.edgekey.net.
0,dns.msftncsi.com.
0,dns.msftncsi.com.
0,wpad.thapar.edu.
0,p34-streams-current.edge.icloud.apple-dns.net.
0,p34-streams-current.edge.icloud.apple-dns.net.
0,mtalk.google.com.
0,p24-ubiquity-current.edge.icloud.apple-dns.net.
0,www.google.com.
0,accounts.google.com.
0,scholar.google.com.
0,toolbar.google.com.
0,settings-win.data.microsoft.com.
0,utop.umengcloud.com.
0,edge-mqtt.facebook.com.
0,de.tynt.com.
0,track.appsflyer.com.
0,instagram-604834045.us-east-1.elb.amazonaws.com.
0,settings-win.data.microsoft.com.
0,p44-ckdatabase-current.edge.icloud.apple-dns.net.
0,settings-win.data.microsoft.com.
0,mobile.pipe.aria.microsoft.com.
0,graph.facebook.com.
0,www.google.com.
0,ocsp.verisign.com.
0,clients3.google.com.
0,goallive.cdn.md.
0,mr.mc.cubecdn.net.
0,www.msftncsi.com.
0,graph.facebook.com.
0,settings.crashlytics.com.
0,guzzoni.apple.com.
0,graph.facebook.com.
0,28-courier.push.apple.com.
0,api.smoot.apple.com.
0,graph.facebook.com.
0,graph.facebook.com.
0,elb-p-dms-dls-uw1-737189181.us-west-1.elb.amazonaws.com.
0,p43-keyvalueservice.icloud.com.
0,www.apple.com.
0,p43-keyvalueservice-current.edge.icloud.apple-dns.net.
0,graph.facebook.com.
0,csc3-2009-2-crl.verisign.com.
0,xmpp008.hpeprint.com.
0,2.android.pool.ntp.org.
0,vl.ff.avast.com.
0,vl.ff.avast.com.
0,w.soundcloud.com.
0,style.sndcdn.com.
0,p34-streams-current.edge.icloud.apple-dns.net.
0,psiphon3.com.
0,twitter.com.
0,psiphon3.com.
0,www.dailydot.com.
0,twitter.com.
0,www.dailydot.com.
0,docs.google.com.
0,win8.ipv6.microsoft.com.
0,api-us-east-1.vungle.com.
0,www.hyphencanada.org.
0,www.hyphencanada.org.
0,blu406-m.hotmail.com.
0,r2---sn-gxap5ojx-qxae.googlevideo.com.
0,bluestacks-cloud.appspot.com.
0,dev.virtualearth.net.
0,scholar.l.google.com.
0,35.courier-push-apple.com.akadns.net.
0,up.cm.ksmobile.com.
0,secure.splitwise.com.
0,elb051617-549972343.us-east-1.elb.amazonaws.com.
0,secure.splitwise.com.
0,api.zomato.com.
0,api.smoot.apple.com.
0,guzzoni.apple.com.
0,mtalk.google.com.
0,fonts.googleapis.com.
0,googleadapis.l.google.com.
0,teredo.ipv6.microsoft.com.
0,win8.ipv6.microsoft.com.
0,settings-win.data.microsoft.com.
0,time.windows.com.
0,vortex-win.data.microsoft.com.
0,vortex-win.data.microsoft.com.
0,www.msftncsi.com.
0,www.msftncsi.com.
0,www.msftncsi.com.
0,asimov-win.vortex.data.microsoft.com.akadns.net.
0,www.apple.com.
0,cs442.adn.edgecastcdn.net.
0,www.tribeofnoise.com.
0,www.tribeofnoise.com.
0,slcw.ff.avast.com.
0,e6845.dscb1.akamaiedge.net.
0,platform.maps.glbdns2.microsoft.com.
0,sync.itunes.apple.com.
0,graph.instagram.com.
0,android.imap.mail.yahoo.com.
0,dl-debug.x.dropbox.com.
0,api.smoot.apple.com.
0,13-courier.push.apple.com.
0,13.courier-push-apple.com.akadns.net.
0,www.kaltura.com.
0,www.kaltura.com.
0,guzzoni.apple.com.
0,www.apple.com.
0,www.gstatic.com.
0,ssl.gstatic.com.
0,lh6.googleusercontent.com.
0,xmpp008.hpeprint.com.
0,a789.g1.akamai.net.
0,cmnowapi-1003728794.us-west-1.elb.amazonaws.com.
0,adserverrouter.prod.vungle.com.
0,adserver-router02-public.prod.vungle.com.
0,tools.l.google.com.
0,de.tynt.com.
0,www.hyphencanada.org.
0,tribeofnoise.com.
0,settings.crashlytics.com.
0,client.wns.windows.com.
0,mapi.androidauthority.com.
0,www.apple.com.
0,pbs.twimg.com.
0,api.smoot.apple.com.
0,apple-mobile.query.yahooapis.com.
0,48-courier.push.apple.com.
0,www.apple.com.
0,apple-mobile.query.yahooapis.com.
0,48-courier.push.apple.com.
0,www.msftncsi.com.
0,init.itunes.apple.com.
0,init-p01st.push.apple.com.
0,e11290.dspg.akamaiedge.net.
0,api.mobula.sdk.duapps.com.
0,api.mobula.sdk.duapps.com.
0,ping3.teamviewer.com.
0,graph.facebook.com.
0,xmpp008.hpeprint.com.
0,48.courier-push-apple.com.akadns.net.
0,ext-sq.squarespace.com.
0,44-courier.push.apple.com.
0,44.courier-push-apple.com.akadns.net.
0,graph.facebook.com.
0,mqtt.im.hike.in.
0,ddmqtt.im.hike.in.
0,ups.ksmobile.net.
0,up-cm-vpc-https-1334705568.us-west-1.elb.amazonaws.com.
0,cfg.cml.ksmobile.com.
0,updatekeepalive.mcafee.com.
0,updatekeepalive.mcafee.com.
0,go.microsoft.com.
0,www.coupondunia.in.
0,coupondunia.in.
0,www.kaltura.com.
0,plus.google.com.
0,mtalk.google.com.
0,updatekeepalive.mcafee.com.
0,api.sec.miui.com.
0,api.sec.miui.com.
0,edge-mqtt.facebook.com.
0,www.kaltura.perf.akadns.net.
0,ny-www.kaltura.com.
0,oem.twimg.com.
0,oem.twimg.com.
0,scontent-sit4-1.cdninstagram.com.
0,scontent-sit4-1.cdninstagram.com.
0,toolbar.avg.com.
0,b-graph.facebook.com.
0,toolbar.avg.com.
0,s.amazon-adsystem.com.
0,s.amazon-adsystem.com.
0,www.youtube.com.
0,34.courier-push-apple.com.akadns.net.
0,safe.ucweb.com.
0,safe.ucweb.com.
0,edge-mqtt.facebook.com.
0,oem.twimg.com.
0,guzzoni.apple.com.
0,www.cyberoam.com.
0,e673.e9.akamaiedge.net.
0,settings.crashlytics.com.
0,www.apple.com.
0,lb-miui-pub02-1843963089.ap-southeast-1.elb.amazonaws.com.
0,cs479.wac.edgecastcdn.net.
0,guzzoni.apple.com.
0,ocsp.msocsp.com.
0,app.chat.xiaomi.net.
0,android.clients.google.com.
0,s.amazon-adsystem.com.
0,read-api.newsinshorts.com.
0,www.googleapis.com.
0,axp.zedo.com.
0,safe.ucdns.uc.cn.
0,triggers.wfxtriggers.com.
0,triggers.wfxtriggers.com.
0,www.msftncsi.com.
0,clients3.google.com.
0,dellupdater.dell.com.
0,dellupdater.dell.com.
0,feedback.uc.cn.
0,feedback.uc.cn.
0,download.cdn.mozilla.net.
0,www.google.com.
0,2-01-2967-001b.cdx.cedexis.net.
0,clients4.google.com.
0,mtalk.google.com.
0,android.clients.google.com.
0,39-courier.push.apple.com.
0,play.googleapis.com.
0,www.google.com.
0,mobile.twitter.com.
0,mobile.twitter.com.
0,cm-launcher-sdk-36022841.us-east-1.elb.amazonaws.com.
0,toolbar.avg.com.
