label,qname,family
1,f3x1n345petw4wp30uhu.ddns.net,corebot
1,j1vq01f7f58o8w8slktq.ddns.net,corebot
1,a6y2y6qlk4q21hk6kdcta.ddns.net,corebot
1,tilkxshcxcr3dcrqnepa.ddns.net,corebot
1,rirapk47pu21hc67.ddns.net,corebot
1,1rg2cvi4shq4uhabede.ddns.net,corebot
1,m8wbubk2m0kxgfi.ddns.net,corebot
1,dqha6efs6s4m.ddns.net,corebot
1,c0cvofabo2ypohcda6k.ddns.net,corebot
1,6g8k2wbktqngfs.ddns.net,corebot
1,7pmbm2kjwtudg.ddns.net,corebot
1,yvsfwlorilwl10wj12wja.ddns.net,corebot
1,o4wd7xujapo8idgn1dcdm.ddns.net,corebot
1,tyb3ha612yjwjmfi.ddns.net,corebot
1,h52sxy8ov3f1b1bgva8i2a.ddns.net,corebot
1,3jkfi6ohytyjsve.ddns.net,corebot
1,sp70o0efmxofy0o2ifk8mbw.ddns.net,corebot
1,ryj7lsds4kpop7d7l3.ddns.net,corebot
1,u8wb7r1jo0s8idkly.ddns.net,corebot
1,5lmfmhsdg07f3ludgpkbk.ddns.net,corebot
1,c4ufi4147b3tm0wvs.ddns.net,corebot
1,lorwtm8gfc0k.ddns.net,corebot
1,27ba0m8305ngtelox3vwbo.ddns.net,corebot
1,xu4qvyl1tg2uh5n7.ddns.net,corebot
1,ylo67rcp52wfoju4a.ddns.net,corebot
1,bgh5bivihanod3dk41.ddns.net,corebot
1,d5xydsngdkri4ap52y.ddns.net,corebot
1,dmrutebsbatmhytk.ddns.net,corebot
1,jkvmbgtghcnsr3.ddns.net,corebot
1,ivi4ibibg8mx3rs.ddns.net,corebot
1,gbefmls8mhg21h7pk8q.ddns.net,corebot
1,81rmdilubw4g05n3vg.ddns.net,corebot
1,2y6ujatgxcj1js0spu.ddns.net,corebot
1,cdq4kfwhg6obqda.ddns.net,corebot
1,k0c6anq8525nul5xy4sholk.ddns.net,corebot
1,t38q0gxghaxwhapcre.ddns.net,corebot
1,3no0qn5dk230ebol5b7fw.ddns.net,corebot
1,7nuxk834c0whkheje63.ddns.net,corebot
1,c0567xgvcv387h7n3.ddns.net,corebot
1,05pyf1hshory.ddns.net,corebot
1,x5dqrsj7l5bk6gxm.ddns.net,corebot
1,yfubmxadexqfwnkvk63jevk.ddns.net,corebot
1,4wda6kdm0y2or5xsf3ro.ddns.net,corebot
1,vmtk476mt7ps0yrkxcx3.ddns.net,corebot
1,dwl14q2etwhsj30s07jedm.ddns.net,corebot
1,xmjmh54elwrkti8yx3tg.ddns.net,corebot
1,47n16a25x5tevopov1.ddns.net,corebot
1,21v7rmpm6unu.ddns.net,corebot
1,50wr5hi4elexc.ddns.net,corebot
1,wrgb58crk4stejsrk0o.ddns.net,corebot
1,ong0e4ipkjk4ujq.ddns.net,corebot
1,utu27bkbahc0ypqnm8q21nk.ddns.net,corebot
1,g8kjg0wpyji03pu0ujm.ddns.net,corebot
1,c2kxwvu4ut7hwj5.ddns.net,corebot
1,w6k45tqba4w6s.ddns.net,corebot
1,jmn7fsxibsdyvi.ddns.net,corebot
1,i85byn7pqbupu.ddns.net,corebot
1,o6y0a4kfut38m.ddns.net,corebot
1,581b7vqbil3v1vax3xcby.ddns.net,corebot
1,1b7x7hsnufi8c270s6utw.ddns.net,corebot
1,hgfwls23pk030evy.ddns.net,corebot
1,x703lqbg6ila6cv1fg.ddns.net,corebot
1,0ityj7nq2s0k41hwb78w.ddns.net,corebot
1,detitobyhytun5nq47.ddns.net,corebot
1,sxov7nebqfwn7hurw8ar1.ddns.net,corebot
1,74slcvwpefg2a.ddns.net,corebot
1,5xojo2ovkbmvevg.ddns.net,corebot
1,ihcpsnk6u6uxgtivk8ifu.ddns.net,corebot
1,7jkp14iradkfipilgtop3.ddns.net,corebot
1,k8o6s2c65psfm.ddns.net,corebot
1,uvgnkpebonypk2q.ddns.net,corebot
1,2cbwvkjwn76ob3ve.ddns.net,corebot
1,jylgtepmjkhejg47bgl1.ddns.net,corebot
1,6wfk0krqnylajkhely.ddns.net,corebot
1,o0o0q0ipij34y.ddns.net,corebot
1,0cfkfmtofgv1p1b1ta.ddns.net,corebot
1,1xutyjgvitov70w.ddns.net,corebot
1,krupkjs0q0yrud1.ddns.net,corebot
1,wf5v5vivwhgdw2o2i.ddns.net,corebot
1,f1hshob3056e8on56u.ddns.net,corebot
1,5tudcnivqvm6o2qba85nc.ddns.net,corebot
1,wr7vw2spa4wb5.ddns.net,corebot
1,0e6kxexadkhkjcnixe0oxe.ddns.net,corebot
1,nw6eberyti6m4k8w.ddns.net,corebot
1,rybapcxgxkn5hy.ddns.net,corebot
1,tix5jcnanclc8cvwtal7.ddns.net,corebot
1,nc4qhqx1rehilu.ddns.net,corebot
1,1xghmp5twfmfk0o.ddns.net,corebot
1,5bu4oxqpcla0cpu4wlglkfq.ddns.net,corebot
1,kjwbkjclcn1vo.ddns.net,corebot
1,kxkpwjc0q8i41lk8epiv5.ddns.net,corebot
1,3p3pyp54wrex3fcfo.ddns.net,corebot
1,vs2otu2e45dwj5650cfa.ddns.net,corebot
1,3jghs2kx1rw0ij70a2obypa.ddns.net,corebot
1,gds0idotihyt5hcfg.ddns.net,corebot
1,cn78g2cre43nybwh7.ddns.net,corebot
1,x101b5hity454i.ddns.net,corebot
1,yvefgvkd38a8u0un7x7ps.ddns.net,corebot
1,8mfirmnypejure4385lg65.ddns.net,corebot
1,did50idedw05fip56w.ddns.net,corebot
1,4avsdsdkxg0w.ddns.net,corebot
1,yvuv3ni474o2m6qvihink.ddns.net,corebot
1,or70c2cb5f5dmt3bid7ps.ddns.net,corebot
1,excd56kvadiryhktmrg2a2g.ddns.net,corebot
1,n54a0i0wlwdo8chuf3.ddns.net,corebot
1,gfg6kxydqng0a6wrg.ddns.net,corebot
1,re2klc05xwji6gd7fwx30q.ddns.net,corebot
1,5r3n1bwt1xifo.ddns.net,corebot
1,4gtkvodkbmjwnkh78w.ddns.net,corebot
1,qnab70qpmneju.ddns.net,corebot
1,v3lyf7jgjoh1vmpm6o8y6u.ddns.net,corebot
1,xgjwl7fcvqxqncdsbk0uxi.ddns.net,corebot
1,lwdwdklelytsbkb78s6k6m.ddns.net,corebot
1,vafkd1tgfq4m0q0wbk.ddns.net,corebot
1,bc2q2u4mt3r7xodkbmfq.ddns.net,corebot
1,pwhq07bihet5t3fkvels2e.ddns.net,corebot
1,n14ojotudgnox52mfm6w.ddns.net,corebot
1,lsf7twf38al5.ddns.net,corebot
1,5276kfa258y8obibg0q63.ddns.net,corebot
1,01h1jmdmfs43dovkh7t3xo.ddns.net,corebot
1,xmfc812shofw.ddns.net,corebot
1,0s4kdy4md3r343h7jsfm87.ddns.net,corebot
1,d3vsxcvi4ilkt1lwr5.ddns.net,corebot
1,16e4g0c4541bw.ddns.net,corebot
1,rudgr7lcl1te.ddns.net,corebot
1,3dyba0urml1r3.ddns.net,corebot
1,g4arup56etcdct5he.ddns.net,corebot
1,er1hapyv7bedu.ddns.net,corebot
1,m4qpmlspm27fupufixs.ddns.net,corebot
1,nknedgtgfuxsvgpo6wp1lc.ddns.net,corebot
1,y47bmj1r36c43.ddns.net,corebot
1,qhgd5p5hoh18ave.ddns.net,corebot
1,qp30qh70ip1hu4ghshm6yha.ddns.net,corebot
1,k4y4gx1t7va2y8ctajuhg87.ddns.net,corebot
1,7t1d3p30gt5lad3lq.ddns.net,corebot
1,b3pw03pyxebyna.ddns.net,corebot
1,kvwx3r5pq8mh50wfqbu.ddns.net,corebot
1,2c6i8gf36qnurg8sxi.ddns.net,corebot
1,mh10mjsrkx3jitwf5rg.ddns.net,corebot
1,16qvsvydgty65bm.ddns.net,corebot
1,8cpgbu616ijm4g8w2i.ddns.net,corebot
1,q6s0ebkpgvw436wjqhu.ddns.net,corebot
1,2idod7hydkdqbqhepcfw27.ddns.net,corebot
1,s2u27nm0kxwjor12m61vy.ddns.net,corebot
1,k4kdkjwjwpu67lqtwrqp78w.ddns.net,corebot
1,r7dsnor5t3fajm0cn3bm.ddns.net,corebot
1,nc0m4gpebijy.ddns.net,corebot
1,x5bovi2gfa6ud7r5dybcvu.ddns.net,corebot
1,0ivcxm076qdw.ddns.net,corebot
1,r5hsxatw07nyhk4ste.ddns.net,corebot
1,ot1rgjujw2un3bq.ddns.net,corebot
1,0utgbel7bs2ov5bs2yrujm.ddns.net,corebot
1,jcnub1nq0sp5fifs.ddns.net,corebot
1,e2sxaf1fy4a432m2q25t3ni.ddns.net,corebot
1,nqvyna65p1ronyjy410g.ddns.net,corebot
1,v1fenwta8w2khgtw6mru.ddns.net,corebot
1,4kt3l1rmd52sxclkbw2c83.ddns.net,corebot
1,t1lqxe6axsrql1dy27xyxo.ddns.net,corebot
1,q2kfel1030yvo41tkbsdihe.ddns.net,corebot
1,1rgp5taluvgd1fsj1li.ddns.net,corebot
1,fef5psdid78oj1bs.ddns.net,corebot
1,6cj1pub1xef1.ddns.net,corebot
1,1jo4alqtmlynk.ddns.net,corebot
1,vwt3revsru4i8edidads.ddns.net,corebot
1,365xmbepq6ipsfwtm.ddns.net,corebot
1,khwnqts8wvwre2mn70wr1.ddns.net,corebot
1,xer7l5pqni8cfa.ddns.net,corebot
1,ml7lipidep3452w.ddns.net,corebot
1,wpwxa4ud18uhsvmh54s.ddns.net,corebot
1,8mbupovkh38y6q.ddns.net,corebot
1,121f72gfa8avst5634ctkls.ddns.net,corebot
1,76mlyrcbyla4qn1xqva4aji.ddns.net,corebot
1,sdmp50atun5b50q4i.ddns.net,corebot
1,srmxkxsng8itq.ddns.net,corebot
1,o654e2ejujkxu0ojkd1nkls.ddns.net,corebot
1,o0g4a8slulkf5l183nqrk.ddns.net,corebot
1,lafwfkp34m2o0cbs2ehc.ddns.net,corebot
1,5pcrqtmv7vuto.ddns.net,corebot
1,pmhibonu6mtkjc.ddns.net,corebot
1,vi6ct34et5ji4cd36klwve.ddns.net,corebot
1,chyng6unm8sd78u4e2g.ddns.net,corebot
1,ra2khcte2gt5.ddns.net,corebot
1,ur32urgnch7x525.ddns.net,corebot
1,s2cb1tcdi8ed1nw6ylylch3.ddns.net,corebot
1,sxqj3d1dq616kjq.ddns.net,corebot
1,hylupa032ide.ddns.net,corebot
1,p165bm0i6mxwdihqpu01fa.ddns.net,corebot
1,63nqtgtgf54atwh10q.ddns.net,corebot
1,52m45d7fk23hsxi23bk.ddns.net,corebot
1,byj547ba056ex5ncpk.ddns.net,corebot
1,8ubafcfirmdcv3fctqtyr7.ddns.net,corebot
1,xwf72g2wponodk.ddns.net,corebot
1,k67jo2ghods6y.ddns.net,corebot
1,41fov30up5hen7ls8q07ry.ddns.net,corebot
1,1bo2krk6kd5do.ddns.net,corebot
1,tyd50cho4oxkdyn7hc.ddns.net,corebot
1,76k2w6mh7d1x50ytm0ud5b5.ddns.net,corebot
1,65f58qrgnab7d3lw.ddns.net,corebot
1,dg8e8qh3p5ratqjo.ddns.net,corebot
1,ydypavwxm65pc61.ddns.net,corebot
1,tqbidmdcpyf5fev56e.ddns.net,corebot
1,enqnqrgh7v1hk.ddns.net,corebot
1,mpgxihs8qnmv7xwpk.ddns.net,corebot
1,xwluvexmfmlu2il7.ddns.net,corebot
1,unyhu8ovonyxq2c2qvcvivk.ddns.net,corebot
1,4y8ibsvej3j1lqfypkbmr7.ddns.net,corebot
1,hwtapg6avi8q.ddns.net,corebot
1,pwncvun7twnmfs0s8epiby.ddns.net,corebot
1,onwj5ru0c4aja0exm.ddns.net,corebot
1,5tkf1x7vihc6kdo.ddns.net,corebot
1,q2cta2mdajuxsjk6cjkr7.ddns.net,corebot
1,6kdm8gp7pix70o.ddns.net,corebot
1,d7lobgr5bs83lk.ddns.net,corebot
1,ubytutctmno8ypu.ddns.net,corebot
1,u23buve85hkrmtoturc.ddns.net,corebot
1,pg4i0otmvi0gru8g8c.ddns.net,corebot
1,pubs0enoxcn563pevgxk4a.ddns.net,corebot
1,a8yn3punqvk2u.ddns.net,corebot
1,fyl52ave41lc.ddns.net,corebot
1,4c474i2ergb3xa2uly25.ddns.net,corebot
1,q8o0inmhcvo0m.ddns.net,corebot
1,x3t3lgb7tm8uhebk.ddns.net,corebot
1,d34uf705vebufwr5pk.ddns.net,corebot
1,ahct7lufuvc8ujuvw.ddns.net,corebot
1,mxiladatc4qdo6uhu.ddns.net,corebot
1,41revq4g6ipi.ddns.net,corebot
1,3bw0m0sbkxab74u.ddns.net,corebot
1,q03xg0mrkxitw6orm.ddns.net,corebot
1,cns0ipqjgb14o8k.ddns.net,corebot
1,7nkjmjohof74cxa.ddns.net,corebot
1,7v165bil10o2i8epc.ddns.net,corebot
1,sjapylq6qfaruhc2c0y8o.ddns.net,corebot
1,ml3jmdgxgnmry.ddns.net,corebot
1,2363lubydepsng8ufodk.ddns.net,corebot
1,qv3t3tc8eng41dcpupmds.ddns.net,corebot
1,foh181js430gf1xktmpi.ddns.net,corebot
1,u07psr5bm81b1twny8enqv7.ddns.net,corebot
1,snyngj3pg4inkr3fm67h5pq.ddns.net,corebot
1,0a472qxk4525p7.ddns.net,corebot
1,ovw4ynmdupo0q6k8cpc.ddns.net,corebot
1,xchutgpalm2gt32c.ddns.net,corebot
1,tcf7jsru4atavk07.ddns.net,corebot
1,l38e21nsje8gvgtc.ddns.net,corebot
1,qnutufovevkr5.ddns.net,corebot
1,finu05pyjyhi0clw2sxc.ddns.net,corebot
1,bcr54an1pqjy4w.ddns.net,corebot
1,dyf7py67be0m41xk2exij1.ddns.net,corebot
1,lm6s8uf10q6a47rw.ddns.net,corebot
1,6gtct54anaj5n3pglm0y21.ddns.net,corebot
1,258u8ob1rg0up36u2ifo.ddns.net,corebot
1,ydg6kdkhsps0u8wxub5d5.ddns.net,corebot
1,elqjad7rw01lahotq.ddns.net,corebot
1,xmtqja6721bqpon7pypsd5.ddns.net,corebot
1,baj7t7v3032i.ddns.net,corebot
1,050mfwby27vqh7.ddns.net,corebot
1,aroxypy2w05l34kb3t7bm0m.ddns.net,corebot
1,8kpanw63t58c.ddns.net,corebot
1,vwnkdcxeho65.ddns.net,corebot
1,y2abwhujyngdq85.ddns.net,corebot
1,jqbkjeh70ghkpihyd703.ddns.net,corebot
1,pihubopynkx38q87.ddns.net,corebot
1,83p7rkdofejsrsreletqr1.ddns.net,corebot
1,e4ujubifmpoda87dgjq.ddns.net,corebot
1,oj5xahibidqfadojeb7ryha.ddns.net,corebot
1,hy0w6305bqtonwlstepgv1.ddns.net,corebot
1,gx3huliho43bm434u.ddns.net,corebot
1,xeju23rg232a.ddns.net,corebot
1,d5rubensra8m.ddns.net,corebot
1,n58a0e4q0k2opo.ddns.net,corebot
1,jidsjyv58qvi.ddns.net,corebot
1,arc2mfc234wxi4ojalm.ddns.net,corebot
1,jo8ufa2743n5ho.ddns.net,corebot
1,g8eto6qx5656mlefe65.ddns.net,corebot
1,pw4qjkfctkjwrc.ddns.net,corebot
1,8kdyba8cxklm.ddns.net,corebot
1,3bg8exyf10ctyxu.ddns.net,corebot
1,6o4o2unsfofu.ddns.net,corebot
1,mduj78gpu25bi0wdu45ni.ddns.net,corebot
1,jap5vs0i41vu6cte8s67ro.ddns.net,corebot
1,fudidkdaxevenur5jangno.ddns.net,corebot
1,y01dktk2gb3di63j1da25.ddns.net,corebot
1,e2udmhi45d7jen5rw.ddns.net,corebot
1,3tajsn3twnefe.ddns.net,corebot
1,8ej1xy4g4ifa.ddns.net,corebot
1,lwjqrad34y8qng0sp14m.ddns.net,corebot
1,7lyxkhylefqpa6ynitqxcrc.ddns.net,corebot
1,lc2yv1d127dynepin7.ddns.net,corebot
1,rgf1juvqbknarwp12cbctg.ddns.net,corebot
1,cnada4m8c6gr3dghul3.ddns.net,corebot
1,7dwji47n5nw2s6g2yb5.ddns.net,corebot
1,61bq2i2q01fy65.ddns.net,corebot
1,8347jex1jofcn7rcxu.ddns.net,corebot
1,n1n1tyjwla8gls8mdqp16c.ddns.net,corebot
1,hkno8mhgte0evy.ddns.net,corebot
1,udmhevyf1dyr3x5jm6uvs.ddns.net,corebot
1,21pqpst38ml7ru8q.ddns.net,corebot
1,lqlkbije0al36ib3he.ddns.net,corebot
1,x56ipg6ivgly6m8s.ddns.net,corebot
1,jwvcbupajknuba6svg0w.ddns.net,corebot
1,7rcpe2541nqxynspmdon3fw.ddns.net,corebot
1,1xydo0qty2cxejcbqfw6a.ddns.net,corebot
1,rq2e8olw25d7jm81.ddns.net,corebot
1,323d1ti23fk25pc.ddns.net,corebot
1,u4q0abufoxaxk8ylmv32kh1.ddns.net,corebot
1,hk25814wv5bmjk41fk65.ddns.net,corebot
1,fw8wj5fmh5xu.ddns.net,corebot
1,7fuv5jmdgd34e2u6u.ddns.net,corebot
1,67dwbgtsto6ox1fk.ddns.net,corebot
1,uhijmvubsral70o2k6axylg.ddns.net,corebot
1,2a67js4qni0ohmbqv1.ddns.net,corebot
1,a2cl3ve6odc4gt7ho6onq8c.ddns.net,corebot
1,qhe0cf1nmjm4udyxsvq2yr1.ddns.net,corebot
1,nanshqjw8k81vcfw.ddns.net,corebot
1,rivqrq2ebedydyl1lyr5.ddns.net,corebot
1,ovi8spw2wd54gx5fefo.ddns.net,corebot
1,mlkh3jqbcnkrwlm.ddns.net,corebot
1,ohql3dk678gtk4qbevq.ddns.net,corebot
1,tsje810mvkpkdi.ddns.net,corebot
1,irklg6kh7lobm47x1n1.ddns.net,corebot
1,2mh3jgnovulkhi0afe.ddns.net,corebot
1,ib16klonghqfk.ddns.net,corebot
1,5tqvudihu6krw0o.ddns.net,corebot
1,kva0ihgl5xkhqp7ni2k.ddns.net,corebot
1,q4k2s6mb72cxqbgfej7jg2k.ddns.net,corebot
1,rkhenerkvmd3jkr12adito.ddns.net,corebot
1,te2c2mhs8ohk4cl3tw2o.ddns.net,corebot
1,k6o0ylufipm4sjgxmhw.ddns.net,corebot
1,j76m67n3xst1d1.ddns.net,corebot
1,x5dqhsvin1jwt1v7vgt58q.ddns.net,corebot
1,xm6m4cl1du83jkv1dk.ddns.net,corebot
1,g6crqrcbojijwp7814i.ddns.net,corebot
1,ji2qb567ro4s.ddns.net,corebot
1,nuhcrmv3jor1be2k.ddns.net,corebot
1,tu4s61pc6g4583xg.ddns.net,corebot
1,u23lmb5hgp5r1.ddns.net,corebot
1,mhqtudg63le8a.ddns.net,corebot
1,ng85d367pgl3jitg87fm4s.ddns.net,corebot
1,1l3416ch3lctavody.ddns.net,corebot
1,xubarih3fw8g6ih76o.ddns.net,corebot
1,ufyry6y61b38a6q4sdctsti.ddns.net,corebot
1,dare2et3dixeb3xafi.ddns.net,corebot
1,juh1dkrovufs.ddns.net,corebot
1,6k2ohg0wncvq2op1.ddns.net,corebot
1,1hu2afapgtgbkvujs.ddns.net,corebot
1,4yb7ly0mx3fm0o.ddns.net,corebot
1,kba2oj3lidkfo.ddns.net,corebot
1,ebongdevchu056cng.ddns.net,corebot
1,vsv1456axava2c8ixyjen7.ddns.net,corebot
1,wdat5lulwlmlmrmbehgle.ddns.net,corebot
1,ujmvs2shs836yj5l3.ddns.net,corebot
1,cxilk8e4erybcb5.ddns.net,corebot
1,lobyrcdc8otuval5h5hmfy.ddns.net,corebot
1,wvwtgn50efcpy2ohmbc85xc.ddns.net,corebot
1,c4767nw8yvi4g.ddns.net,corebot
1,cdgjq4srk6cbqfafmtmtm.ddns.net,corebot
1,rcdy8oryr14ijut3.ddns.net,corebot
1,fcdix7bojkby65.ddns.net,corebot
1,301b7v5xsr7vcfu.ddns.net,corebot
1,i4stspalgp56ybw6eba.ddns.net,corebot
1,2alofcjmnolaxw.ddns.net,corebot
1,s2gns0uvyfmna6c.ddns.net,corebot
1,avw216ghe8yd32y0ibavwfm.ddns.net,corebot
1,unc81jy2snirebe.ddns.net,corebot
1,tw43d7pijcpqruvwhgp5jo.ddns.net,corebot
1,spw0ybmrkhmv3tcngjmlet1.ddns.net,corebot
1,dwr7h727nojq.ddns.net,corebot
1,dkb34sfkvoho.ddns.net,corebot
1,sdw6abix18s25dufkhit5xs.ddns.net,corebot
1,ohq0opebupwl5.ddns.net,corebot
1,n165ngvux76obufa.ddns.net,corebot
1,cxepex1lopqtu.ddns.net,corebot
1,0y2k0uncb3bghk.ddns.net,corebot
1,j5f54cl30qlyxkj36ixs.ddns.net,corebot
1,fmbclwdkvmxc41.ddns.net,corebot
1,x50sx5ful74wp18s6y0k.ddns.net,corebot
1,khq0yhov38wrg8mj3bmde8k.ddns.net,corebot
1,l1hidw83pol5n52s.ddns.net,corebot
1,sbspe4s670qh7xkn7xavs.ddns.net,corebot
1,ds4kx36qdixwv3.ddns.net,corebot
1,4khw8yh7l1pq6o.ddns.net,corebot
1,hw03p5dcfcvm4w.ddns.net,corebot
1,e8w6qhu4efqr705j7.ddns.net,corebot
1,0s4kt347rqb3honc4c4ibq.ddns.net,corebot
1,xwtilotahgjmd7nk.ddns.net,corebot
1,xcvix345t5j7bm.ddns.net,corebot
1,dapuluxm4i6anknk.ddns.net,corebot
1,5lqn5hitgxkdc6c8c.ddns.net,corebot
1,1lm6oliv54elmbq.ddns.net,corebot
1,hsx56qj3hgvqvahklg.ddns.net,corebot
1,8kpojwrunehsbap14oj7.ddns.net,corebot
1,g2ynyjcbonsfojg.ddns.net,corebot
1,chsl1pkpufsvs.ddns.net,corebot
1,xcd565re6s07ds.ddns.net,corebot
1,ev5h5hm6gxgbi6i.ddns.net,corebot
1,bereh7vijapo.ddns.net,corebot
1,s2aps27pcr54q4ida4m8w.ddns.net,corebot
1,l1rk6kte2cvadwvgf3.ddns.net,corebot
1,j5v7nw012ab54wtgre.ddns.net,corebot
1,2elmv1v3xeb5pena.ddns.net,corebot
1,030knc6wr1bo.ddns.net,corebot
1,qlatqtw2md5xm63.ddns.net,corebot
1,d5hybkf5d3h3hwxw6o.ddns.net,corebot
1,ahilcxy01fajmlops.ddns.net,corebot
1,direru6q8a0m.ddns.net,corebot
1,45ts6qdc8eby0iby8g.ddns.net,corebot
1,efy0q8a0yhuvu.ddns.net,corebot
1,05hgb5252gpo.ddns.net,corebot
1,ofmp58y414o8a.ddns.net,corebot
1,q0kfe01bmbad3lg.ddns.net,corebot
1,b3ng2stg2g0sdm6g4gt701.ddns.net,corebot
1,wjcr1xidopqvmlopmn1jg.ddns.net,corebot
1,7410o8onu6kd32qvotinwvo.ddns.net,corebot
1,ti4w8i2or7xo67di.ddns.net,corebot
1,notsto65ru4kr5to.ddns.net,corebot
1,cxqxotarej5tc4utu2c.ddns.net,corebot
1,qn38ghqfwtgji4q.ddns.net,corebot
1,g8s87xu4ixqli01r3.ddns.net,corebot
1,d5fkpmji0sry.ddns.net,corebot
1,6u8qbq072aripqdm.ddns.net,corebot
1,ite8md1b7ls8187bqvklq8g.ddns.net,corebot
1,r7jalidsre4ajcjydgny.ddns.net,corebot
1,na0ghq2gjeh3rwbut3ri.ddns.net,corebot
1,mr3lqhmxahi4i6qruj7pa.ddns.net,corebot
1,3d3xknoh1tm4o4wr7.ddns.net,corebot
1,6eh76wxw21nsdw.ddns.net,corebot
1,pwlcdelktk8qp1tm6yhs.ddns.net,corebot
1,145vefyj1xs0s.ddns.net,corebot
1,jet52c2s4g4g0stg0yds.ddns.net,corebot
1,fknihc2e6wfe03xijg.ddns.net,corebot
1,5bkx56q6qby81x1l58wbk.ddns.net,corebot
1,la4mx7lm4sto4mtg4g6k.ddns.net,corebot
1,4or3tib7f5t1ra.ddns.net,corebot
1,dufcjs438c43t3xybqhcp1.ddns.net,corebot
1,kx5dud1ludc4ol5h5d1x3.ddns.net,corebot
1,evcl7jy0yp1f707.ddns.net,corebot
1,avijojy4kvstcj7dm.ddns.net,corebot
1,sts478507lqji.ddns.net,corebot
1,vor58mhiherche6ex3b3.ddns.net,corebot
1,7tsb1vu23lwb5jqjyly.ddns.net,corebot
1,1pabyv3hopu210idsx547lq.ddns.net,corebot
1,0it1xqtyra8qns.ddns.net,corebot
1,xolyf7twf7dm27.ddns.net,corebot
1,gjwxypebmpohyhqvgrad7n5.ddns.net,corebot
1,85fg612uvwlgdiv52e.ddns.net,corebot
1,3xsvut7x3dav3.ddns.net,corebot
1,3hkdq4wpo4up5j5hmraf3be.ddns.net,corebot
1,wbm8ojwn7toxen5jeh3xuxw.ddns.net,corebot
1,8k2q4greped3hwlyhy.ddns.net,corebot
1,lq4cdwturg0ihktgxsb7.ddns.net,corebot
1,wdcti4u8c6in3854i.ddns.net,corebot
1,xabune6ar363dc632cdo.ddns.net,corebot
1,gl7dmje6opkpgd1xetotida.ddns.net,corebot
1,ba018kpirotghe4gbo.ddns.net,corebot
1,h18qpubwx3r7.ddns.net,corebot
1,e0afq2cncvelqlg8a4q.ddns.net,corebot
1,lk6knovi4of5vc.ddns.net,corebot
1,gdwvcputepapq4ev3fyny.ddns.net,corebot
1,147tg4w8c4ebity6kp1vc65.ddns.net,corebot
1,avmvm2y2khapaju.ddns.net,corebot
1,3n7jmtynqdkh1ty67f5hi25.ddns.net,corebot
1,epgbmfexqjyngbo6u6urs.ddns.net,corebot
1,pehsn7na8ibuhytqlqj3.ddns.net,corebot
1,321vwxiv3dy8qrwls4m0q.ddns.net,corebot
1,q2ivuhkj5v5x3l1fado8ujw.ddns.net,corebot
1,upcx3hylchgnu.ddns.net,corebot
1,a2exahgbenmha.ddns.net,corebot
1,qle23didwdihe.ddns.net,corebot
1,1jup74shklodk0s0edu.ddns.net,corebot
1,xarc8ery2wfc.ddns.net,corebot
1,futingtcnc47to2yr7xw0o.ddns.net,corebot
1,q8eputo4y8ary81retq6ixg.ddns.net,corebot
1,nwjk6yt3h7nex5bu.ddns.net,corebot
1,alslklgdgbgv5rs4m.ddns.net,corebot
1,labmbqxerivuhkl5pq.ddns.net,corebot
1,hqr3lwlsxite.ddns.net,corebot
1,ajy6ct34gh7pkls2qxy03jc.ddns.net,corebot
1,1nq0wtgb70kb3x7.ddns.net,corebot
1,5he8ij5pkpqru8cladoha.ddns.net,corebot
1,701haro8cjy0w.ddns.net,corebot
1,sxur3dw0krk47hmte.ddns.net,corebot
1,opg4a0ejevc6gt1.ddns.net,corebot
1,c07p3t1hod7n7pgbgdwxivy.ddns.net,corebot
1,c4k0i2srurwjo.ddns.net,corebot
1,pspg4wfapqfahav56y.ddns.net,corebot
1,sxub5vo4at5ngput1tk.ddns.net,corebot
1,y6ejk8s83dqdq.ddns.net,corebot
1,o67j1ny2a2al14sfo6g.ddns.net,corebot
1,t1dcj10uj1lqnyvg.ddns.net,corebot
1,hqhchupy4wna8g272a.ddns.net,corebot
1,bkfi0qhg2a8whs0c.ddns.net,corebot
1,b52anyls0whsvyxo.ddns.net,corebot
1,2sne2gnw4iji8a6kpuxa.ddns.net,corebot
1,yn7rofgjyrylevm.ddns.net,corebot
1,0avataxi6gtmtkvm4elm.ddns.net,corebot
1,5ju4u856mtux3nk.ddns.net,corebot
1,67xebmlab3r3dalehqb3.ddns.net,corebot
1,noxgtufo2u05js4m.ddns.net,corebot
1,kpcrqt7xslqly8chg2of72s.ddns.net,corebot
1,pwxyjwnmdyla4m.ddns.net,corebot
1,n14af74g6sfora.ddns.net,corebot
1,4c85tutsjqlq.ddns.net,corebot
1,v7h1v5rk0qjg.ddns.net,corebot
1,hcredutybsxmbu.ddns.net,corebot
1,nadkjadsxkf3nadu65rk8u.ddns.net,corebot
1,tu6wxuf3vk6chexad5jc6g.ddns.net,corebot
1,aj7dajkrafkx3ryd7.ddns.net,corebot
1,0cjitcrub7p1pm.ddns.net,corebot
1,upmvcnoxetepcjc.ddns.net,corebot
1,8aro6u2ijg0iryjadu.ddns.net,corebot
1,yt3dexu4kda8o238o2sly8u.ddns.net,corebot
1,ru4cjoru4uhk6ubwd3h7bs.ddns.net,corebot
1,xe6kpkdy4ijansxa.ddns.net,corebot
1,y8utmbklglclara8wli.ddns.net,corebot
1,pcfqbohar16u21ju8g0u.ddns.net,corebot
1,re2ohq2qjgpwbutu6axw.ddns.net,corebot
1,q4wj5jmnwfwtcbgluhi.ddns.net,corebot
1,7l5fsxwxe2s8mpedk.ddns.net,corebot
1,hwpqpcdsjef1v7.ddns.net,corebot
1,gt54u6exc4c6adgv1.ddns.net,corebot
1,6c4u0ipihgv7x7lk.ddns.net,corebot
1,gne4q2k2y43xo.ddns.net,corebot
1,o6mrcto6ivu0up7du2m.ddns.net,corebot
1,wxe2mtq6543lgrm.ddns.net,corebot
1,ngtmf1xc2ubgjetm.ddns.net,corebot
1,gf5j3du850ahk8i.ddns.net,corebot
1,2qt3f1hinyjy6mt7d1xk.ddns.net,corebot
1,kp5vmt1ni2wlcbgta2183.ddns.net,corebot
1,r5ribkb7xw6m0s.ddns.net,corebot
1,editgdkti8cdwfsh1l70if7.ddns.net,corebot
1,clynila8ob1hqp7.ddns.net,corebot
1,wjmfixq2ibob74i.ddns.net,corebot
1,ro8spu0yxqhk0a.ddns.net,corebot
1,vcvyvkrsnerwto.ddns.net,corebot
1,k230mf50yxefi6sb50y.ddns.net,corebot
1,nk8wvk43450a2ej3vi2eb3.ddns.net,corebot
1,edghcjinepgtol1vi.ddns.net,corebot
1,7x3ji8obalg0upa258y.ddns.net,corebot
1,ja6id14ipyb3.ddns.net,corebot
1,hk6oxcfg6e4o67dexkjs4y.ddns.net,corebot
1,edersn3but70w.ddns.net,corebot
1,tmpyhsvsru0i.ddns.net,corebot
1,63n3r1deho67.ddns.net,corebot
1,ytc65p563pmp583tu6i.ddns.net,corebot
1,8e8e4kji0ulc.ddns.net,corebot
1,vc4upuhgn30cx3lcrof541.ddns.net,corebot
1,wdg8wp5hif163ri87.ddns.net,corebot
1,7r3twra0q2sl3hohy21pk.ddns.net,corebot
1,0yfepqhmfyt7.ddns.net,corebot
1,roxkhqdypk8gdg.ddns.net,corebot
1,apslcd3d50enmv181tqfypa.ddns.net,corebot
1,ho4c8ujkpytc.ddns.net,corebot
1,8atq4gl1ps8725hupe.ddns.net,corebot
1,fypqp34ajcfkpetex7.ddns.net,corebot
1,f3b743rqv7hk.ddns.net,corebot
1,spg0c2ujcbeb1.ddns.net,corebot
1,lu2ibgjevcfa2o.ddns.net,corebot
1,kp7tija8uxcb3.ddns.net,corebot
1,ta2yxqv5p56qvo.ddns.net,corebot
1,mdkjyvobkr3674i47dkls.ddns.net,corebot
1,dgjkj52yvgbgfsjydwhcby.ddns.net,corebot
1,jwridips0k8o.ddns.net,corebot
1,pavwryr36mdo0kl12clm.ddns.net,corebot
1,mh1pwjy6eb7p5xqno.ddns.net,corebot
1,u2mpahwncl7j3psvwtk.ddns.net,corebot
1,ybu2e258opsjwjyjk2gvgrw.ddns.net,corebot
1,f1h5tmtyhijoxaxcna0i.ddns.net,corebot
1,3p18upqrwd3lgdipgxulqh3.ddns.net,corebot
1,o0kpc03tqbk2161xaxevc0g.ddns.net,corebot
1,doby0c8yvyj141bw.ddns.net,corebot
1,w8s2eterof3ho2eve8s.ddns.net,corebot
1,papoj18wlk65vy.ddns.net,corebot
1,sjwrexmdg8s6wxu.ddns.net,corebot
1,4mb1f7pap1hsjctip38m.ddns.net,corebot
1,gvmjon7rifk6mx3v10mjc.ddns.net,corebot
1,jgp18yv52wjgbi4abavc8w.ddns.net,corebot
1,kfk0qncpc4svixunyrat54m.ddns.net,corebot
1,8edklila8ubyno45to.ddns.net,corebot
1,xo0o2cfkjc4mtmderq212a.ddns.net,corebot
1,hatotyhkt50sl1.ddns.net,corebot
1,lqvifqtmns4grcx7dav3.ddns.net,corebot
1,4o6ejarifypc.ddns.net,corebot
1,wpi6wrc6i670u4who47.ddns.net,corebot
1,5rs0wbudulcrmr72yhu.ddns.net,corebot
1,rehex5tcnu0qxktcbu.ddns.net,corebot
1,0u6o03v3rade2krmd5.ddns.net,corebot
1,ermv34mlubabc67.ddns.net,corebot
1,q2evkt1t3v5p7lq6abm.ddns.net,corebot
1,1d7hov5b7xyli4c.ddns.net,corebot
1,sdkdw8ulq8ibc.ddns.net,corebot
1,4etsroti0ov7l7biv76cno.ddns.net,corebot
1,wt16eh3tm8q2stwxg4y8iju.ddns.net,corebot
1,uvkt7noxi8qfq4c6y.ddns.net,corebot
1,u4m6opob7t12u85na.ddns.net,corebot
1,jkfe414qj1xmjav3pwh7.ddns.net,corebot
1,tqtunajk6adutolkbm.ddns.net,corebot
1,w21v345j5jy6spmdylg67.ddns.net,corebot
1,6c0e2y8ebkp5.ddns.net,corebot
1,pmpelov3t56q8aha.ddns.net,corebot
1,x7hw05darcfmlkf1d5.ddns.net,corebot
1,pojq256etw0ghgxw.ddns.net,corebot
1,4wt3tsl3vyte4alu6sji0i.ddns.net,corebot
1,po4ehgxe8ovmlqxwnixy.ddns.net,corebot
1,0shm452m43f5dkrs.ddns.net,corebot
1,72a0ops4mt3h3p12mpin7fi.ddns.net,corebot
1,416gtoni2ex72u4sbo.ddns.net,corebot
1,n3d3debwx7ns.ddns.net,corebot
1,vglybgfors0y0apg6k6g.ddns.net,corebot
1,0y07lixkhmv1.ddns.net,corebot
1,ypmd76ylexmnifqb5.ddns.net,corebot
1,vavolod1roriryja.ddns.net,corebot
1,vy8yjo6ire01xgduvevejs.ddns.net,corebot
1,axuri0gt503re.ddns.net,corebot
1,gn185834cnchs2sp1psxc.ddns.net,corebot
1,vihw2in5tw0wva0a6a2sdc.ddns.net,corebot
1,oxgdmrqjej7voto8k8s01.ddns.net,corebot
1,p7vcvwj167xsr345.ddns.net,corebot
1,2s2k216i4elo.ddns.net,corebot
1,inkfu8crsf7vqhwps.ddns.net,corebot
1,efytkhsncdkrm214y.ddns.net,corebot
1,ij1puvexm41l3rs0gnqr7tm.ddns.net,corebot
1,obcp7p783072wfi6cjgp3.ddns.net,corebot
1,52ef3rgdgdqts4u.ddns.net,corebot
1,5d5pkbivknink.ddns.net,corebot
1,658c87fs2yfcx5pe.ddns.net,corebot
1,p501pedmlmvmvw.ddns.net,corebot
1,wj1tghqpilqx1vitc6k45.ddns.net,corebot
1,n5ha4m8i6c6k.ddns.net,corebot
1,rwva854efm4ylq6s.ddns.net,corebot
1,cde81fe8on1n1xqbk4erkpe.ddns.net,corebot
1,7t14cbwna0ul12uhihudm.ddns.net,corebot
1,8yji2adkfe6s074q85.ddns.net,corebot
1,o8eta2oh3678y6sne4yja.ddns.net,corebot
1,vsvc0gxsh32ax58c.ddns.net,corebot
1,4cbur7r3h5bq6q.ddns.net,corebot
1,x3ns0gdgbulu2efk.ddns.net,corebot
1,3dc4g6ajuxsbe.ddns.net,corebot
1,ju8mt1f30axefo.ddns.net,corebot
1,438wdsjile0qb3bo.ddns.net,corebot
1,tc8ilmv7ls8c.ddns.net,corebot
1,xs4e6y2w2wjorqbqls.ddns.net,corebot
1,uhc83vkb5lor34whw2epi.ddns.net,corebot
1,qfqvgn7tupsbw4ahady.ddns.net,corebot
1,ti270ahgtmdwhmvmvy4k23.ddns.net,corebot
1,y8703j16k0ktu.ddns.net,corebot
1,h1hsbkvgbyhkfm81nk0a6e.ddns.net,corebot
1,dm6gb76upgx707.ddns.net,corebot
1,qp1rklct76ah58o.ddns.net,corebot
1,8ercvctonkfc8e6k.ddns.net,corebot
1,h34up3bm2orehqha6q.ddns.net,corebot
1,kb3p16elyjylk.ddns.net,corebot
1,6gdup7476gpynwxc.ddns.net,corebot
1,by2ihgn3fw2ibu.ddns.net,corebot
1,vep5badkrgbk07.ddns.net,corebot
1,nchklyb5p3v7b1l7fy.ddns.net,corebot
1,1twfo0ybqjchy4g8wlsp5.ddns.net,corebot
1,wv5jwb5jetuxm6m.ddns.net,corebot
1,srkp5f54abw4q.ddns.net,corebot
1,ho8aha6e0gnsnybe0a.ddns.net,corebot
1,6i61hajcxexa.ddns.net,corebot
1,7pwh14yt3rahylors.ddns.net,corebot
1,w6i03hgp7pwxubg4q.ddns.net,corebot
1,xu8o810w616ul5rg.ddns.net,corebot
1,yvurcxebqt18apwn1lgty.ddns.net,corebot
1,di0odwj1tg814m4m.ddns.net,corebot
1,y6mbg63nsxk612qjufo.ddns.net,corebot
1,yxyfmp3ri2143fgtmb1.ddns.net,corebot
1,mncbsl3tq8in1va.ddns.net,corebot
1,sba65dyd5robs0q2w6ob5.ddns.net,corebot
1,mhqf74kxgfgvypghc.ddns.net,corebot
1,s0g8kpqhshctwhixsn3b3h7.ddns.net,corebot
1,7f7j7j10o4efy.ddns.net,corebot
1,4765xed3vs4qlet5x3.ddns.net,corebot
1,ipirwlgrq4yts4ct3vwro.ddns.net,corebot
1,ti8wnu2kjwxs.ddns.net,corebot
1,fadwpel1ve8mxu.ddns.net,corebot
1,3xed5pahk8cbu6c2gjyrm.ddns.net,corebot
1,50yl343h3xovsnc0y.ddns.net,corebot
1,8itk87tsditurc.ddns.net,corebot
1,4cnar1ta2qp7.ddns.net,corebot
1,ori8m0u8clspodije.ddns.net,corebot
1,ts2sjgjwpolypqjebi.ddns.net,corebot
1,pebilibkvivm.ddns.net,corebot
1,xajm47b3bm4gp3n1.ddns.net,corebot
1,w8kv5pydkh3jof5pm.ddns.net,corebot
1,vc4qtuhilenwl3l1tu.ddns.net,corebot
1,0ovabsx7rkl7bq0i2k.ddns.net,corebot
1,rw83t38o6cpo8arqnabify.ddns.net,corebot
1,ri8gxixsf5firc4yvape.ddns.net,corebot
1,5js430167juvc2opov7rw.ddns.net,corebot
1,bsv523dy6k4kla.ddns.net,corebot
1,avuhmlc85l145xo.ddns.net,corebot
1,5v36utk2erofybg.ddns.net,corebot
1,t7puha6ob5x3hgf3.ddns.net,corebot
1,xclm4svuxs0q.ddns.net,corebot
1,mngxatm0qbql78slsjgpip7.ddns.net,corebot
1,lqrgtsjitsdu8c.ddns.net,corebot
1,xqx7vk2wxw6u2ipwjm.ddns.net,corebot
1,3r5hghc4s8slmrw.ddns.net,corebot
1,hihs6mlcn7x1de65lmlsr5.ddns.net,corebot
1,ododkvufg4sjcl3japc.ddns.net,corebot
1,y6k8kr5hyl1v78g.ddns.net,corebot
1,gv1vq0k43hgh7pyjktm.ddns.net,corebot
1,oxs0mpsnwtmd7rw4sru.ddns.net,corebot
1,dyp5hwp3t32q4uxi85.ddns.net,corebot
1,f1856m2mt5ncxq8mvqxg.ddns.net,corebot
1,p703x1p301fe2o.ddns.net,corebot
1,wp565fmbe8w4c0u.ddns.net,corebot
1,yju6gl7jmt16itsx36w.ddns.net,corebot
1,k2kbel78c8cp5pwl5r5l5.ddns.net,corebot
1,dglkv1v5babgjcf1tovkfu.ddns.net,corebot
1,ivkxqxgretqh5fm83bc.ddns.net,corebot
1,duje81p7dwbcxot1fm.ddns.net,corebot
1,4m0g43pw852kla2gtsdi.ddns.net,corebot
1,c6527n5tcjst7pq23nwla47.ddns.net,corebot
1,ul10k45xsn3p3jwleh3hy4m.ddns.net,corebot
1,xgxcv50upqn1jax78c.ddns.net,corebot
1,c8mn5d1vela0s21.ddns.net,corebot
1,hi8ahs4shqfwna.ddns.net,corebot
1,rc4gtedgtah1vo.ddns.net,corebot
1,gtobe4a8kp1x1fat525.ddns.net,corebot
1,op1lifudubwlwpw.ddns.net,corebot
1,4mtwvm45ler7pa.ddns.net,corebot
1,4m2ut1b34spe6w.ddns.net,corebot
1,2y4qn3rklq0wl383jc.ddns.net,corebot
1,fgl1bk23074ody.ddns.net,corebot
1,5fufodkjs6gfyfonq.ddns.net,corebot
1,difar5j32y4ulypw2op7.ddns.net,corebot
1,01nkjkju2ep3j5.ddns.net,corebot
1,j7hun5vaf10uxq.ddns.net,corebot
1,sr7bu2olmlch7r747lajq.ddns.net,corebot
1,exovmtingfy2sdmdkho.ddns.net,corebot
1,mlqva0cjy432wt5pixa.ddns.net,corebot
1,5tibinsfy4mhy.ddns.net,corebot
1,pypmxcli0kda87.ddns.net,corebot
1,n3xarstq4gfk.ddns.net,corebot
1,wxsvm4ojotkdctahcxc.ddns.net,corebot
1,st1d1r34g43hi0u0u61h3.ddns.net,corebot
1,pwjctq6kbqp5.ddns.net,corebot
1,vuxcxmjix5lu.ddns.net,corebot
1,kta65lcj3va8kvu8k.ddns.net,corebot
1,34qbatatylclk.ddns.net,corebot
1,cti8mr1n58w2k2mva8aloj3.ddns.net,corebot
1,no0er5poti65v7nm.ddns.net,corebot
1,27ritwlebk0wrmlarqjeju.ddns.net,corebot
1,52qfwjcx5xgrq2m6q85dk.ddns.net,corebot
1,vutw2md5ni2o2w61.ddns.net,corebot
1,slqji4avidid12ebkt30s.ddns.net,corebot
1,svktmbmb7p7tenav3.ddns.net,corebot
1,tq4eh5fmf18ejmtsvaxghm.ddns.net,corebot
1,hm8oxcxct3l1tshi03.ddns.net,corebot
1,shghq4i678qnw6g.ddns.net,corebot
1,yf72g8507d5j1pengxu2g.ddns.net,corebot
1,nwpobcvg0gpm.ddns.net,corebot
1,roxm4o8ujabqxcbep56k.ddns.net,corebot
1,lurgrg0qfe2ijo.ddns.net,corebot
1,hidep32k6g2wvax7.ddns.net,corebot
1,ot34uvojirobglg.ddns.net,corebot
1,hs25nop7b5t34o.ddns.net,corebot
1,pevyb1b1j3xeve.ddns.net,corebot
1,fa070ite6wjgpsxc.ddns.net,corebot
1,5lyhsn30k0cp1.ddns.net,corebot
1,cp1f5xipkngn18klafc.ddns.net,corebot
1,k0crojojc4wlsl5hs.ddns.net,corebot
1,30qrur5v5jcfw.ddns.net,corebot
1,5xa2upkx1vixqtmlk.ddns.net,corebot
1,rypsrsb1lyjqpafg6581.ddns.net,corebot
1,4opc41jwxqna2y6sfq21rg.ddns.net,corebot
1,3roxkbwv76kfwxqvmna.ddns.net,corebot
1,7ts6wv5h5pktyru6sjsr7jk.ddns.net,corebot
1,ju2gv1tkf7xsfw812m.ddns.net,corebot
1,b3vi6qxelepe4s.ddns.net,corebot
1,c23vc07h7vapat7pg.ddns.net,corebot
1,hypop78olevolkvq2c4ubk.ddns.net,corebot
1,lm87lkh3vm2ql52k8a.ddns.net,corebot
1,8ybsn3r7lgr76323xwt3pm.ddns.net,corebot
1,7x7dgty2ud38kd5pcd78epq.ddns.net,corebot
1,c6qhonu4c0ojob1tw.ddns.net,corebot
1,mfsh54w6a2ilkpo.ddns.net,corebot
1,7nk23tg0shg2a0otmlk.ddns.net,corebot
1,jkrc4e472q83.ddns.net,corebot
1,vej1x3pudu0ad1hsba.ddns.net,corebot
1,edyp3d50o8snc.ddns.net,corebot
1,58apk4qfafipohe6alkritu.ddns.net,corebot
1,qhof5t3xexq8qno03x3.ddns.net,corebot
1,5jine2a8mv14m.ddns.net,corebot
1,tsl3xuvi6epede.ddns.net,corebot
1,ah7hkni4gp1hstopu8ane0i.ddns.net,corebot
1,twd3johmrmtcju21.ddns.net,corebot
1,n5jqjcpejm250qf3pedo2i.ddns.net,corebot
1,jy4k0ubg8ul5to.ddns.net,corebot
1,rursjyxqvyxmxunip1vm.ddns.net,corebot
1,2qlir3pgrgdan783.ddns.net,corebot
1,f7fupa436q4i.ddns.net,corebot
1,qta4w4ivc4gl38wts2y2c4m.ddns.net,corebot
1,rcb36inebwdi63la.ddns.net,corebot
1,x74mh5dshsb3rebiri.ddns.net,corebot
1,reri8wx1xsrmt7.ddns.net,corebot
1,3xg2yvqfkd54al5xe.ddns.net,corebot
1,w85fytwhe2qlkxit3x1.ddns.net,corebot
1,d7rwdg0s6u8u25.ddns.net,corebot
1,kpanihcfa0ajqb1ngj1.ddns.net,corebot
1,7lmx7ls61f7jodu4s2c87jo.ddns.net,corebot
1,kjopals21l1hs8i6ir1jojw.ddns.net,corebot
1,f761n1xexwdqtix3t1hq.ddns.net,corebot
1,sbs4m6udanub3py.ddns.net,corebot
1,w6ylankfcnyxw.ddns.net,corebot
1,md7l5funyxanalclkbi.ddns.net,corebot
1,2u0cjqrqv7nm0c4e.ddns.net,corebot
1,s4gbevafgtgbs812odwdm.ddns.net,corebot
1,s2gxmrknor7bi4ots4g630y.ddns.net,corebot
1,5huhulyfer3tul7v3ri.ddns.net,corebot
1,krylofoxu6i2i8ulkt7ji.ddns.net,corebot
1,sjafarmd1jylk8m2ira.ddns.net,corebot
1,6c4yt12u2cfcpgbo.ddns.net,corebot
1,bshqhkloputydqt741d3.ddns.net,corebot
1,634ut7454odyj3.ddns.net,corebot
1,n3t7xqryd30ofcdq.ddns.net,corebot
1,fkburo0ir3nehk.ddns.net,corebot
1,g6g2w8inyhk2o4itw.ddns.net,corebot
1,2cdu8sf3jqja.ddns.net,corebot
1,s6ad3bcn3litkbije.ddns.net,corebot
1,qf3dg2wrytwx1.ddns.net,corebot
1,6c4exwbgrk6y4inefm.ddns.net,corebot
1,bqb7pad7vodqncdgrg.ddns.net,corebot
1,2alslkv38q2u6e.ddns.net,corebot
1,vi2qbm0sfknmfu27xa.ddns.net,corebot
1,bi8a6yvqj7632av7.ddns.net,corebot
1,mfsnuxcpirovejib1bmha.ddns.net,corebot
1,vutspsbyhu6a.ddns.net,corebot
1,xubu014y810523h5.ddns.net,corebot
1,fe0ab70axk0kfu.ddns.net,corebot
1,nctotut7pepw07tmlmxwje.ddns.net,corebot
1,81v1bkpeduhk2unsp54g.ddns.net,corebot
1,hafi2inwdcjo.ddns.net,corebot
1,vspghq0s01lwfy85ra.ddns.net,corebot
1,a2ersvo4w8uhanul3h3x5.ddns.net,corebot
1,cvqfgfqjg234irqbab50503.ddns.net,corebot
1,4src6o0cpuvc0q2ir3.ddns.net,corebot
1,qdutwb58s0cjclgv32api.ddns.net,corebot
1,b1dqrerupepopkne6yhw.ddns.net,corebot
1,5je23lujkfor1hk036ujqpu.ddns.net,corebot
1,ybyh54wx1r7jsnitsdeje.ddns.net,corebot
1,74w45dc6w618cbg2y.ddns.net,corebot
1,m0o6wp3pe2sd1.ddns.net,corebot
1,vejqbmp5rqdgb7xo.ddns.net,corebot
1,ch56qpadgneputuxs.ddns.net,corebot
1,elgf32op7fut10w4y.ddns.net,corebot
1,ylyxgd1470el5lkr7fydu.ddns.net,corebot
1,uv3vqta0o0irkdgpy.ddns.net,corebot
1,583le65xodclmnerad7.ddns.net,corebot
1,8k8apc6e8sny.ddns.net,corebot
1,g8cfql7dml5fux3b5j3.ddns.net,corebot
1,xy6y87vsfk21tyhm.ddns.net,corebot
1,hwxot7ro2avavitcbk.ddns.net,corebot
1,h7fy87xop3ra4mbq0crib1.ddns.net,corebot
1,525dm0y0u0glk47t18u.ddns.net,corebot
1,ktql325xyrqdoty01r7h18e.ddns.net,corebot
1,r72ubo81fotonmpu.ddns.net,corebot
1,2e6shs8ipulcja.ddns.net,corebot
1,70a8s6qleh321x167.ddns.net,corebot
1,p7dkf5lgvqdu214apu.ddns.net,corebot
1,6wjc8irylql1fwfaj383.ddns.net,corebot
1,wha03r76g6yrep3lyxe.ddns.net,corebot
1,gdkfav3nmr3fuvodqneh143.ddns.net,corebot
1,j303lqbg07vkxqjiperm6a.ddns.net,corebot
1,pepidqlaru2it1.ddns.net,corebot
1,4w2s8op3j54s.ddns.net,corebot
1,loforst10yrw.ddns.net,corebot
1,1j14a6alg2wr5dq61.ddns.net,corebot
1,k0ct5jw4wdo6c0s2mhmti.ddns.net,corebot
1,uru87hwvef5va41.ddns.net,corebot
1,rc67ns0svehc65hk8ihk.ddns.net,corebot
1,if78adyn1duls6uvu6o0kte.ddns.net,corebot
1,2wl3xofqtonm4ixytmn36q.ddns.net,corebot
1,d70obspqp5dw.ddns.net,corebot
1,alo41vwbmjq6ot1pata.ddns.net,corebot
1,w2qtany0ch3dklsjsd7vu.ddns.net,corebot
1,e4ctsjidm6wdopoxgtcdaj7.ddns.net,corebot
1,rk4ovc4ebibk.ddns.net,corebot
1,58ej56mb7rojgbk.ddns.net,corebot
1,ghy4mncjehqjoxapwnsfenu.ddns.net,corebot
1,y8ctm6wb5dsvu03t56ilsno.ddns.net,corebot
1,ijs25rixm4gvgrqfe85j3.ddns.net,corebot
1,u8crmhivehcp3papgpi.ddns.net,corebot
1,kvi4uxavw63d1re.ddns.net,corebot
1,jc4o6apqlud1hqda.ddns.net,corebot
1,30shunw4mnep76wtmfi.ddns.net,corebot
1,6uxiha4w4gvgnmbu2qfi6s.ddns.net,corebot
1,bcnklol7tgf1fmbcnqlwla.ddns.net,corebot
1,2gds67dk2odkbah7dmfcbs.ddns.net,corebot
1,rkb5ve2y83luvupmtyda.ddns.net,corebot
1,y27ta4gbolsl36abw.ddns.net,corebot
1,cxe4ejonwvqxsxip3436ahw.ddns.net,corebot
1,pyfk0q0qnk4a45n3.ddns.net,corebot
1,kh3xg07676a6wxo472glg.ddns.net,corebot
1,mdgt34mlc2ala.ddns.net,corebot
1,mp7jqrgtu2a87hotm.ddns.net,corebot
1,1pof7r5lo2gbojg0ynk.ddns.net,corebot
1,fu03t3jw016ahwlkvg.ddns.net,corebot
1,6u0mtw6y03rq4y2q2c4q.ddns.net,corebot
1,cf7dixwrapyd7rodu23.ddns.net,corebot
1,12sfmx563de2sb1film.ddns.net,corebot
1,3b3no4gla2chgdsf1h74sdg.ddns.net,corebot
1,mdkjsfofm8axk.ddns.net,corebot
1,g41rsn5t3dc61hkvivm.ddns.net,corebot
1,ctul5jir7fefgvuxens4a.ddns.net,corebot
1,7lkdk0e23ds8a6unudap12u.ddns.net,corebot
1,nk0qrwvybexshur3x3nata.ddns.net,corebot
1,4ob1dy8gr3fe.ddns.net,corebot
1,yb7bq6sbqjgxklipc.ddns.net,corebot
1,8ijsbkhuripqrmjg41.ddns.net,corebot
1,c2a0svat72gbi47.ddns.net,corebot
1,0opcj3dwfw05tahq8kjmpe.ddns.net,corebot
1,o8mvs4st1xg2k03nstob7pg.ddns.net,corebot
1,m4inwv103tc8ylk.ddns.net,corebot
1,dqxqxuxsvk4mty21l1l52o.ddns.net,corebot
1,416u05hgf7pc.ddns.net,corebot
1,x7t7h30spkjk6ih1f14w.ddns.net,corebot
1,qfydojclgb3fs4k0iv3.ddns.net,corebot
1,o61vs25nefe4uvmfg.ddns.net,corebot
1,pqf7nmjqr7xkpyvcta.ddns.net,corebot
1,ep1hqfubwp52g6sbglm.ddns.net,corebot
1,7vils2anyp1ho8gter12ybk.ddns.net,corebot
1,2qredk23rc0qturova.ddns.net,corebot
1,y4wlcp3le4u0g.ddns.net,corebot
1,6qxg2g67pwpwno216yn5.ddns.net,corebot
1,j5v5tm0cfmvc21hi.ddns.net,corebot
1,tqn325ls6kfanmro.ddns.net,corebot
1,kfsnahqxyratad16y.ddns.net,corebot
1,2cx7fexab5r3bupw0mry.ddns.net,corebot
1,fkj5h16shwjcrs2ghqhs4q.ddns.net,corebot
1,krc6e01rurq0m05bgbw.ddns.net,corebot
1,jkjo2sdqp14mxa6s.ddns.net,corebot
1,q0ebujelel7ri43tkp7.ddns.net,corebot
1,qd36a6ula0enefc.ddns.net,corebot
1,roxghyhqrkxk0w2m4a6e67.ddns.net,corebot
1,kboxa6qdehmf7.ddns.net,corebot
1,whwd5f7jmv3ra63.ddns.net,corebot
1,mfex70i07fah7l1.ddns.net,corebot
1,ibm4qnu4up705nudi.ddns.net,corebot
1,0etu0i43hsn3buxotm21pm.ddns.net,corebot
1,ju2iverwr56u8wxy.ddns.net,corebot
1,tu874yrkxytu8mvybsl7re.ddns.net,corebot
1,cdcrcbejwfcfsfsxa.ddns.net,corebot
1,583nk2k0svwvk8m.ddns.net,corebot
1,i6a2e6sl58ots.ddns.net,corebot
1,s8mbon7ripyfq.ddns.net,corebot
1,rohed50y2e872mbstuby.ddns.net,corebot
1,543fipqbsjun3padenkv5bw.ddns.net,corebot
1,1vex52gjmfohw21fqni8c.ddns.net,corebot
1,3hi8e8cp3pkxubm0gj12u.ddns.net,corebot
1,ng8501jy21lc0w2k65d7li.ddns.net,corebot
1,ohsdo6o4qvu8u210ifin1.ddns.net,corebot
1,r5ravs2qdmx1tw.ddns.net,corebot
1,w8ytqtk2edmxmdu0wf3xs.ddns.net,corebot
1,vqxalyhw2idot7bkv16u.ddns.net,corebot
1,rk0sf1hwjw85po4uhg.ddns.net,corebot
1,d74ox5vy0crqrqxebuni.ddns.net,corebot
1,pinijuvgvyjw834c.ddns.net,corebot
1,fgr3j7nqd14ab3r1430mf1.ddns.net,corebot
1,7pcbadehi4apwdyji.ddns.net,corebot
1,mhy8avitclqv7xsrehkxyfw.ddns.net,corebot
1,uf5ds8qt38mh5xw.ddns.net,corebot
1,5dm2itmvyjqr7.ddns.net,corebot
1,1dc2a2wx1taf3pyv32mrm.ddns.net,corebot
1,x5pkp5dur5xcbg0ktglyho.ddns.net,corebot
1,345lol1t7daf5ri8i4u4qp7.ddns.net,corebot
1,1x5pqhk672wh7f1bq0y4cpi.ddns.net,corebot
1,ny2mb3lg4cxc41vsvon1.ddns.net,corebot
1,j7lwpwji0wn7nerwhedm.ddns.net,corebot
1,uhy6cx18sv76s0uxc4gh5f1.ddns.net,corebot
1,o4e81fcrunolspyn7.ddns.net,corebot
1,gd7nirafc2wtm8a4qlqn3nw.ddns.net,corebot
1,mdkfunchypmte27.ddns.net,corebot
1,to656exy8ote8o6wpq01nc.ddns.net,corebot
1,b3r3nedw6c67xk.ddns.net,corebot
1,rij30c4mjghe.ddns.net,corebot
1,bw6kpgvqva6cva67r7ts.ddns.net,corebot
1,1pe8o6yjclsnefkpehe.ddns.net,corebot
1,1pqhsdkbw6ub7fu.ddns.net,corebot
1,0mjefudcvivmj5h7rqx7.ddns.net,corebot
1,3hml78mbmdi85.ddns.net,corebot
1,e0at3272upe234enslk.ddns.net,corebot
1,abcjqlk2mdqfq2qr10k.ddns.net,corebot
1,xu6shmvmxqfkhkl3.ddns.net,corebot
1,ydmfqr521d5jklsr76u.ddns.net,corebot
1,wncnkte4yl78s2i8ih3.ddns.net,corebot
1,efs2gh541hw078gpcxafqjo.ddns.net,corebot
1,at1febwf1vi2m.ddns.net,corebot
1,q85fwn3pw856yn3bmdy8i4m.ddns.net,corebot
1,21v34mdivsnapibaxmhy0a.ddns.net,corebot
1,ry4gtm0m2ob5l1tsd3.ddns.net,corebot
1,tktmrgvw8u63h187rins.ddns.net,corebot
1,5xq4crkr5dapepip363.ddns.net,corebot
1,8are8ct3fqnshqd7.ddns.net,corebot
1,tm47bw2e8mlupel5.ddns.net,corebot
1,et5h70s8mb5bqlmvsd56q.ddns.net,corebot
1,65fubqdqjwtc.ddns.net,corebot
1,7najwfw6stifatkxepc.ddns.net,corebot
1,q6chmto0uxynw.ddns.net,corebot
